-- phpMyAdmin SQL Dump
-- version 5.2.0
-- https://www.phpmyadmin.net/
--
-- Host: 127.0.0.1
-- Generation Time: Jul 27, 2023 at 07:46 AM
-- Server version: 10.4.24-MariaDB
-- PHP Version: 7.4.29

SET SQL_MODE = "NO_AUTO_VALUE_ON_ZERO";
START TRANSACTION;
SET time_zone = "+00:00";


/*!40101 SET @OLD_CHARACTER_SET_CLIENT=@@CHARACTER_SET_CLIENT */;
/*!40101 SET @OLD_CHARACTER_SET_RESULTS=@@CHARACTER_SET_RESULTS */;
/*!40101 SET @OLD_COLLATION_CONNECTION=@@COLLATION_CONNECTION */;
/*!40101 SET NAMES utf8mb4 */;

--
-- Database: `stbisorg_new`
--

-- --------------------------------------------------------

--
-- Table structure for table `class`
--

CREATE TABLE `class` (
  `class_id` int(11) NOT NULL,
  `subject_id` int(11) NOT NULL,
  `cohort_id` int(11) NOT NULL,
  `year` year(4) NOT NULL,
  `semester` enum('1','2') COLLATE utf8_unicode_ci NOT NULL,
  `remarks` varchar(45) COLLATE utf8_unicode_ci DEFAULT NULL,
  `teacher_id` int(11) DEFAULT NULL
) ENGINE=InnoDB DEFAULT CHARSET=utf8 COLLATE=utf8_unicode_ci;

--
-- Dumping data for table `class`
--

INSERT INTO `class` (`class_id`, `subject_id`, `cohort_id`, `year`, `semester`, `remarks`, `teacher_id`) VALUES
(1, 1, 9, 2023, '2', '', 976),
(2, 1, 2123, 2023, '2', '', 977),
(4, 3, 2123, 2023, '2', '', 977),
(5, 5, 2123, 2023, '2', '', 981);

-- --------------------------------------------------------

--
-- Table structure for table `class_student`
--

CREATE TABLE `class_student` (
  `class_id` int(11) NOT NULL,
  `student_id` int(11) NOT NULL,
  `percentage_grade` double DEFAULT NULL
) ENGINE=InnoDB DEFAULT CHARSET=utf8 COLLATE=utf8_unicode_ci;

--
-- Dumping data for table `class_student`
--

INSERT INTO `class_student` (`class_id`, `student_id`, `percentage_grade`) VALUES
(1, 543, NULL),
(1, 544, NULL),
(1, 545, NULL),
(1, 546, NULL),
(1, 547, NULL),
(1, 612, NULL),
(1, 613, NULL),
(1, 614, NULL),
(1, 615, NULL),
(1, 616, NULL),
(1, 617, NULL),
(1, 618, NULL),
(1, 619, NULL),
(1, 620, NULL),
(1, 621, NULL),
(1, 622, NULL),
(1, 623, NULL),
(1, 624, NULL),
(1, 625, NULL),
(1, 626, NULL),
(1, 627, NULL),
(1, 628, NULL),
(1, 629, NULL),
(1, 630, NULL),
(1, 631, NULL),
(1, 633, NULL),
(1, 634, NULL),
(1, 635, NULL),
(1, 636, NULL),
(1, 637, NULL),
(1, 638, NULL),
(1, 639, NULL),
(1, 640, NULL),
(1, 641, NULL),
(1, 642, NULL),
(1, 643, NULL),
(1, 644, NULL),
(1, 645, NULL),
(1, 646, NULL),
(1, 647, NULL),
(1, 648, NULL),
(1, 649, NULL),
(1, 650, NULL),
(1, 651, NULL),
(1, 791, NULL),
(1, 792, NULL),
(1, 799, NULL),
(1, 863, NULL),
(1, 864, NULL),
(1, 865, NULL),
(1, 873, NULL),
(1, 874, NULL),
(1, 875, NULL),
(1, 876, NULL),
(1, 877, NULL),
(1, 878, NULL),
(1, 879, NULL),
(1, 880, NULL),
(1, 881, NULL),
(1, 884, NULL),
(1, 886, NULL),
(1, 887, NULL),
(1, 888, NULL),
(1, 890, NULL),
(1, 891, NULL),
(1, 892, NULL),
(1, 893, NULL),
(1, 894, NULL),
(1, 897, NULL),
(1, 899, NULL),
(1, 900, NULL),
(1, 902, NULL),
(1, 903, NULL),
(1, 904, NULL),
(1, 918, NULL),
(1, 965, NULL),
(2, 554, NULL),
(2, 555, NULL),
(2, 556, NULL),
(2, 557, NULL),
(2, 558, NULL),
(2, 559, NULL),
(2, 632, NULL),
(2, 686, NULL),
(2, 687, NULL),
(2, 688, NULL),
(2, 689, NULL),
(2, 690, NULL),
(2, 691, NULL),
(2, 692, NULL),
(2, 693, NULL),
(2, 694, NULL),
(2, 695, NULL),
(2, 696, NULL),
(2, 697, NULL),
(2, 698, NULL),
(2, 699, NULL),
(2, 700, NULL),
(2, 701, NULL),
(2, 702, NULL),
(2, 703, NULL),
(2, 704, NULL),
(2, 705, NULL),
(2, 706, NULL),
(2, 707, NULL),
(2, 708, NULL),
(2, 709, NULL),
(2, 710, NULL),
(2, 711, NULL),
(2, 712, NULL),
(2, 713, NULL),
(2, 714, NULL),
(2, 715, NULL),
(2, 716, NULL),
(2, 717, NULL),
(2, 718, NULL),
(2, 719, NULL),
(2, 720, NULL),
(2, 721, NULL),
(2, 722, NULL),
(2, 723, NULL),
(2, 724, NULL),
(2, 725, NULL),
(2, 726, NULL),
(2, 727, NULL),
(2, 728, NULL),
(2, 729, NULL),
(2, 780, NULL),
(2, 781, NULL),
(2, 782, NULL),
(2, 783, NULL),
(2, 784, NULL),
(2, 785, NULL),
(2, 786, NULL),
(2, 787, NULL),
(2, 788, NULL),
(2, 789, NULL),
(2, 790, NULL),
(2, 795, NULL),
(2, 893, NULL),
(2, 900, NULL),
(2, 978, NULL),
(2, 979, NULL),
(3, 730, NULL),
(3, 731, NULL),
(3, 732, NULL),
(3, 734, NULL),
(3, 735, NULL),
(3, 736, NULL),
(3, 737, NULL),
(3, 738, NULL),
(3, 739, NULL),
(3, 742, NULL),
(3, 743, NULL),
(3, 744, NULL),
(3, 746, NULL),
(3, 748, NULL),
(3, 749, NULL),
(3, 750, NULL),
(3, 751, NULL),
(3, 753, NULL),
(3, 754, NULL),
(3, 755, NULL),
(3, 756, NULL),
(3, 758, NULL),
(3, 759, NULL),
(3, 761, NULL),
(3, 762, NULL),
(3, 765, NULL),
(3, 767, NULL),
(3, 769, NULL),
(3, 773, NULL),
(3, 775, NULL),
(3, 776, NULL),
(3, 778, NULL),
(3, 779, NULL),
(3, 794, NULL),
(3, 797, NULL),
(3, 863, NULL),
(3, 864, NULL),
(3, 865, NULL),
(3, 873, NULL),
(3, 874, NULL),
(3, 875, NULL),
(3, 876, NULL),
(3, 877, NULL),
(3, 878, NULL),
(3, 879, NULL),
(3, 880, NULL),
(3, 881, NULL),
(3, 884, NULL),
(3, 886, NULL),
(3, 887, NULL),
(3, 888, NULL),
(3, 890, NULL),
(3, 891, NULL),
(3, 892, NULL),
(3, 893, NULL),
(3, 894, NULL),
(3, 897, NULL),
(3, 899, NULL),
(3, 900, NULL),
(3, 902, NULL),
(3, 903, NULL),
(3, 904, NULL),
(3, 918, NULL),
(3, 965, NULL),
(4, 537, NULL),
(4, 538, NULL),
(4, 548, NULL),
(4, 549, NULL),
(4, 550, NULL),
(4, 551, NULL),
(4, 552, NULL),
(4, 553, NULL),
(4, 560, NULL),
(4, 561, NULL),
(4, 562, NULL),
(4, 564, NULL),
(4, 578, NULL),
(4, 579, NULL),
(4, 580, NULL),
(4, 582, NULL),
(4, 583, NULL),
(4, 584, NULL),
(4, 585, NULL),
(4, 586, NULL),
(4, 587, NULL),
(4, 588, NULL),
(4, 589, NULL),
(4, 590, NULL),
(4, 591, NULL),
(4, 592, NULL),
(4, 593, NULL),
(4, 594, NULL),
(4, 595, NULL),
(4, 596, NULL),
(4, 597, NULL),
(4, 598, NULL),
(4, 599, NULL),
(4, 600, NULL),
(4, 601, NULL),
(4, 602, NULL),
(4, 603, NULL),
(4, 604, NULL),
(4, 605, NULL),
(4, 606, NULL),
(4, 607, NULL),
(4, 608, NULL),
(4, 610, NULL),
(4, 611, NULL),
(4, 657, NULL),
(4, 659, NULL),
(4, 660, NULL),
(4, 661, NULL),
(4, 662, NULL),
(4, 663, NULL),
(4, 664, NULL),
(4, 665, NULL),
(4, 666, NULL),
(4, 667, NULL),
(4, 668, NULL),
(4, 669, NULL),
(4, 670, NULL),
(4, 671, NULL),
(4, 672, NULL),
(4, 673, NULL),
(4, 674, NULL),
(4, 675, NULL),
(4, 676, NULL),
(4, 677, NULL),
(4, 678, NULL),
(4, 679, NULL),
(4, 680, NULL),
(4, 681, NULL),
(4, 682, NULL),
(4, 683, NULL),
(4, 684, NULL),
(4, 685, NULL),
(4, 796, NULL),
(4, 863, NULL),
(4, 864, NULL),
(4, 865, NULL),
(4, 873, NULL),
(4, 874, NULL),
(4, 875, NULL),
(4, 876, NULL),
(4, 877, NULL),
(4, 878, NULL),
(4, 879, NULL),
(4, 880, NULL),
(4, 881, NULL),
(4, 884, NULL),
(4, 886, NULL),
(4, 887, NULL),
(4, 888, NULL),
(4, 890, NULL),
(4, 891, NULL),
(4, 892, NULL),
(4, 893, NULL),
(4, 894, NULL),
(4, 897, NULL),
(4, 899, NULL),
(4, 900, NULL),
(4, 902, NULL),
(4, 903, NULL),
(4, 904, NULL),
(4, 918, NULL),
(4, 965, NULL),
(5, 543, NULL),
(5, 544, NULL),
(5, 545, NULL),
(5, 546, NULL),
(5, 547, NULL),
(5, 612, NULL),
(5, 613, NULL),
(5, 614, NULL),
(5, 615, NULL),
(5, 616, NULL),
(5, 617, NULL),
(5, 618, NULL),
(5, 619, NULL),
(5, 620, NULL),
(5, 621, NULL),
(5, 622, NULL),
(5, 623, NULL),
(5, 624, NULL),
(5, 625, NULL),
(5, 626, NULL),
(5, 627, NULL),
(5, 628, NULL),
(5, 629, NULL),
(5, 630, NULL),
(5, 631, NULL),
(5, 633, NULL),
(5, 634, NULL),
(5, 635, NULL),
(5, 636, NULL),
(5, 637, NULL),
(5, 638, NULL),
(5, 639, NULL),
(5, 640, NULL),
(5, 641, NULL),
(5, 642, NULL),
(5, 643, NULL),
(5, 644, NULL),
(5, 645, NULL),
(5, 646, NULL),
(5, 647, NULL),
(5, 648, NULL),
(5, 649, NULL),
(5, 650, NULL),
(5, 651, NULL),
(5, 791, NULL),
(5, 792, NULL),
(5, 799, NULL),
(5, 863, NULL),
(5, 864, NULL),
(5, 865, NULL),
(5, 873, NULL),
(5, 874, NULL),
(5, 875, NULL),
(5, 876, NULL),
(5, 877, NULL),
(5, 878, NULL),
(5, 879, NULL),
(5, 880, NULL),
(5, 881, NULL),
(5, 884, NULL),
(5, 886, NULL),
(5, 887, NULL),
(5, 888, NULL),
(5, 890, NULL),
(5, 891, NULL),
(5, 892, NULL),
(5, 893, NULL),
(5, 894, NULL),
(5, 897, NULL),
(5, 899, NULL),
(5, 900, NULL),
(5, 902, NULL),
(5, 903, NULL),
(5, 904, NULL),
(5, 918, NULL),
(5, 965, NULL),
(5, 978, NULL),
(5, 979, NULL),
(6, 554, NULL),
(6, 555, NULL),
(6, 556, NULL),
(6, 557, NULL),
(6, 558, NULL),
(6, 559, NULL),
(6, 632, NULL),
(6, 686, NULL),
(6, 687, NULL),
(6, 688, NULL),
(6, 689, NULL),
(6, 690, NULL),
(6, 691, NULL),
(6, 692, NULL),
(6, 693, NULL),
(6, 694, NULL),
(6, 695, NULL),
(6, 696, NULL),
(6, 697, NULL),
(6, 698, NULL),
(6, 699, NULL),
(6, 700, NULL),
(6, 701, NULL),
(6, 702, NULL),
(6, 703, NULL),
(6, 704, NULL),
(6, 705, NULL),
(6, 706, NULL),
(6, 707, NULL),
(6, 708, NULL),
(6, 709, NULL),
(6, 710, NULL),
(6, 711, NULL),
(6, 712, NULL),
(6, 713, NULL),
(6, 714, NULL),
(6, 715, NULL),
(6, 716, NULL),
(6, 717, NULL),
(6, 718, NULL),
(6, 719, NULL),
(6, 720, NULL),
(6, 721, NULL),
(6, 722, NULL),
(6, 723, NULL),
(6, 724, NULL),
(6, 725, NULL),
(6, 726, NULL),
(6, 727, NULL),
(6, 728, NULL),
(6, 729, NULL),
(6, 780, NULL),
(6, 781, NULL),
(6, 782, NULL),
(6, 783, NULL),
(6, 784, NULL),
(6, 785, NULL),
(6, 786, NULL),
(6, 787, NULL),
(6, 788, NULL),
(6, 789, NULL),
(6, 790, NULL),
(6, 795, NULL),
(6, 863, NULL),
(6, 864, NULL),
(6, 865, NULL),
(6, 873, NULL),
(6, 874, NULL),
(6, 875, NULL),
(6, 876, NULL),
(6, 877, NULL),
(6, 878, NULL),
(6, 879, NULL),
(6, 880, NULL),
(6, 881, NULL),
(6, 884, NULL),
(6, 886, NULL),
(6, 887, NULL),
(6, 888, NULL),
(6, 890, NULL),
(6, 891, NULL),
(6, 892, NULL),
(6, 893, NULL),
(6, 894, NULL),
(6, 897, NULL),
(6, 899, NULL),
(6, 900, NULL),
(6, 902, NULL),
(6, 903, NULL),
(6, 904, NULL),
(6, 918, NULL),
(6, 965, NULL),
(7, 731, NULL),
(7, 732, NULL),
(7, 733, NULL),
(7, 742, NULL),
(7, 743, NULL),
(7, 751, NULL),
(7, 753, NULL),
(7, 758, NULL),
(7, 762, NULL),
(7, 763, NULL),
(7, 765, NULL),
(7, 768, NULL),
(7, 769, NULL),
(7, 773, NULL),
(7, 863, NULL),
(7, 864, NULL),
(7, 865, NULL),
(7, 873, NULL),
(7, 874, NULL),
(7, 875, NULL),
(7, 876, NULL),
(7, 877, NULL),
(7, 878, NULL),
(7, 879, NULL),
(7, 880, NULL),
(7, 881, NULL),
(7, 884, NULL),
(7, 886, NULL),
(7, 887, NULL),
(7, 888, NULL),
(7, 890, NULL),
(7, 891, NULL),
(7, 892, NULL),
(7, 893, NULL),
(7, 894, NULL),
(7, 897, NULL),
(7, 899, NULL),
(7, 900, NULL),
(7, 902, NULL),
(7, 903, NULL),
(7, 904, NULL),
(7, 918, NULL),
(7, 965, NULL),
(8, 538, NULL),
(8, 548, NULL),
(8, 550, NULL),
(8, 551, NULL),
(8, 578, NULL),
(8, 580, NULL),
(8, 583, NULL),
(8, 586, NULL),
(8, 593, NULL),
(8, 595, NULL),
(8, 597, NULL),
(8, 598, NULL),
(8, 607, NULL),
(8, 659, NULL),
(8, 665, NULL),
(8, 679, NULL),
(8, 863, NULL),
(8, 864, NULL),
(8, 865, NULL),
(8, 873, NULL),
(8, 874, NULL),
(8, 875, NULL),
(8, 876, NULL),
(8, 877, NULL),
(8, 878, NULL),
(8, 879, NULL),
(8, 880, NULL),
(8, 881, NULL),
(8, 884, NULL),
(8, 886, NULL),
(8, 887, NULL),
(8, 888, NULL),
(8, 890, NULL),
(8, 891, NULL),
(8, 892, NULL),
(8, 893, NULL),
(8, 894, NULL),
(8, 897, NULL),
(8, 899, NULL),
(8, 900, NULL),
(8, 902, NULL),
(8, 903, NULL),
(8, 904, NULL),
(8, 918, NULL),
(8, 965, NULL),
(9, 543, NULL),
(9, 544, NULL),
(9, 545, NULL),
(9, 546, NULL),
(9, 547, NULL),
(9, 612, NULL),
(9, 613, NULL),
(9, 614, NULL),
(9, 615, NULL),
(9, 616, NULL),
(9, 617, NULL),
(9, 618, NULL),
(9, 619, NULL),
(9, 620, NULL),
(9, 621, NULL),
(9, 622, NULL),
(9, 623, NULL),
(9, 624, NULL),
(9, 625, NULL),
(9, 626, NULL),
(9, 627, NULL),
(9, 628, NULL),
(9, 629, NULL),
(9, 630, NULL),
(9, 631, NULL),
(9, 633, NULL),
(9, 634, NULL),
(9, 635, NULL),
(9, 636, NULL),
(9, 637, NULL),
(9, 638, NULL),
(9, 639, NULL),
(9, 640, NULL),
(9, 641, NULL),
(9, 642, NULL),
(9, 643, NULL),
(9, 644, NULL),
(9, 645, NULL),
(9, 646, NULL),
(9, 647, NULL),
(9, 648, NULL),
(9, 649, NULL),
(9, 650, NULL),
(9, 651, NULL),
(9, 791, NULL),
(9, 792, NULL),
(9, 799, NULL),
(9, 863, NULL),
(9, 864, NULL),
(9, 865, NULL),
(9, 873, NULL),
(9, 874, NULL),
(9, 875, NULL),
(9, 876, NULL),
(9, 877, NULL),
(9, 878, NULL),
(9, 879, NULL),
(9, 880, NULL),
(9, 881, NULL),
(9, 884, NULL),
(9, 886, NULL),
(9, 887, NULL),
(9, 888, NULL),
(9, 890, NULL),
(9, 891, NULL),
(9, 892, NULL),
(9, 893, NULL),
(9, 894, NULL),
(9, 897, NULL),
(9, 899, NULL),
(9, 900, NULL),
(9, 902, NULL),
(9, 903, NULL),
(9, 904, NULL),
(9, 918, NULL),
(9, 965, NULL),
(10, 554, NULL),
(10, 555, NULL),
(10, 556, NULL),
(10, 557, NULL),
(10, 558, NULL),
(10, 559, NULL),
(10, 632, NULL),
(10, 686, NULL),
(10, 687, NULL),
(10, 688, NULL),
(10, 689, NULL),
(10, 690, NULL),
(10, 691, NULL),
(10, 692, NULL),
(10, 693, NULL),
(10, 694, NULL),
(10, 695, NULL),
(10, 696, NULL),
(10, 697, NULL),
(10, 698, NULL),
(10, 699, NULL),
(10, 700, NULL),
(10, 701, NULL),
(10, 702, NULL),
(10, 703, NULL),
(10, 704, NULL),
(10, 705, NULL),
(10, 706, NULL),
(10, 707, NULL),
(10, 708, NULL),
(10, 709, NULL),
(10, 710, NULL),
(10, 711, NULL),
(10, 712, NULL),
(10, 713, NULL),
(10, 714, NULL),
(10, 715, NULL),
(10, 716, NULL),
(10, 717, NULL),
(10, 718, NULL),
(10, 719, NULL),
(10, 720, NULL),
(10, 721, NULL),
(10, 722, NULL),
(10, 723, NULL),
(10, 724, NULL),
(10, 725, NULL),
(10, 726, NULL),
(10, 727, NULL),
(10, 728, NULL),
(10, 729, NULL),
(10, 780, NULL),
(10, 781, NULL),
(10, 782, NULL),
(10, 783, NULL),
(10, 784, NULL),
(10, 785, NULL),
(10, 786, NULL),
(10, 787, NULL),
(10, 788, NULL),
(10, 789, NULL),
(10, 790, NULL),
(10, 795, NULL),
(10, 863, NULL),
(10, 864, NULL),
(10, 865, NULL),
(10, 873, NULL),
(10, 874, NULL),
(10, 875, NULL),
(10, 876, NULL),
(10, 877, NULL),
(10, 878, NULL),
(10, 879, NULL),
(10, 880, NULL),
(10, 881, NULL),
(10, 884, NULL),
(10, 886, NULL),
(10, 887, NULL),
(10, 888, NULL),
(10, 890, NULL),
(10, 891, NULL),
(10, 892, NULL),
(10, 893, NULL),
(10, 894, NULL),
(10, 897, NULL),
(10, 899, NULL),
(10, 900, NULL),
(10, 902, NULL),
(10, 903, NULL),
(10, 904, NULL),
(10, 918, NULL),
(10, 965, NULL),
(11, 730, NULL),
(11, 735, NULL),
(11, 736, NULL),
(11, 738, NULL),
(11, 739, NULL),
(11, 744, NULL),
(11, 745, NULL),
(11, 746, NULL),
(11, 747, NULL),
(11, 749, NULL),
(11, 750, NULL),
(11, 759, NULL),
(11, 760, NULL),
(11, 764, NULL),
(11, 767, NULL),
(11, 775, NULL),
(11, 776, NULL),
(11, 777, NULL),
(11, 778, NULL),
(11, 863, NULL),
(11, 864, NULL),
(11, 865, NULL),
(11, 873, NULL),
(11, 874, NULL),
(11, 875, NULL),
(11, 876, NULL),
(11, 877, NULL),
(11, 878, NULL),
(11, 879, NULL),
(11, 880, NULL),
(11, 881, NULL),
(11, 884, NULL),
(11, 886, NULL),
(11, 887, NULL),
(11, 888, NULL),
(11, 890, NULL),
(11, 891, NULL),
(11, 892, NULL),
(11, 893, NULL),
(11, 894, NULL),
(11, 897, NULL),
(11, 899, NULL),
(11, 900, NULL),
(11, 902, NULL),
(11, 903, NULL),
(11, 904, NULL),
(11, 918, NULL),
(11, 965, NULL),
(12, 537, NULL),
(12, 579, NULL),
(12, 580, NULL),
(12, 584, NULL),
(12, 585, NULL),
(12, 589, NULL),
(12, 594, NULL),
(12, 599, NULL),
(12, 601, NULL),
(12, 605, NULL),
(12, 608, NULL),
(12, 612, NULL),
(12, 613, NULL),
(12, 614, NULL),
(12, 615, NULL),
(12, 616, NULL),
(12, 617, NULL),
(12, 618, NULL),
(12, 619, NULL),
(12, 620, NULL),
(12, 621, NULL),
(12, 622, NULL),
(12, 623, NULL),
(12, 624, NULL),
(12, 625, NULL),
(12, 626, NULL),
(12, 627, NULL),
(12, 628, NULL),
(12, 629, NULL),
(12, 630, NULL),
(12, 631, NULL),
(12, 633, NULL),
(12, 634, NULL),
(12, 635, NULL),
(12, 637, NULL),
(12, 638, NULL),
(12, 639, NULL),
(12, 640, NULL),
(12, 641, NULL),
(12, 642, NULL),
(12, 643, NULL),
(12, 644, NULL),
(12, 645, NULL),
(12, 646, NULL),
(12, 647, NULL),
(12, 648, NULL),
(12, 649, NULL),
(12, 650, NULL),
(12, 651, NULL),
(12, 662, NULL),
(12, 668, NULL),
(12, 669, NULL),
(12, 791, NULL),
(12, 799, NULL),
(12, 816, NULL),
(12, 817, NULL),
(12, 818, NULL),
(12, 819, NULL),
(12, 820, NULL),
(12, 821, NULL),
(12, 822, NULL),
(12, 823, NULL),
(12, 824, NULL),
(12, 826, NULL),
(12, 827, NULL),
(12, 828, NULL),
(12, 829, NULL),
(12, 830, NULL),
(12, 831, NULL),
(12, 832, NULL),
(12, 833, NULL),
(12, 834, NULL),
(12, 835, NULL),
(12, 837, NULL),
(12, 838, NULL),
(12, 839, NULL),
(12, 840, NULL),
(12, 841, NULL),
(12, 842, NULL),
(12, 843, NULL),
(12, 844, NULL),
(12, 845, NULL),
(12, 846, NULL),
(12, 847, NULL),
(12, 848, NULL),
(12, 849, NULL),
(12, 850, NULL),
(12, 851, NULL),
(12, 852, NULL),
(12, 853, NULL),
(12, 854, NULL),
(12, 855, NULL),
(12, 858, NULL),
(12, 859, NULL),
(12, 860, NULL),
(12, 861, NULL),
(12, 862, NULL),
(12, 915, NULL),
(13, 543, NULL),
(13, 544, NULL),
(13, 545, NULL),
(13, 546, NULL),
(13, 547, NULL),
(13, 612, NULL),
(13, 613, NULL),
(13, 614, NULL),
(13, 615, NULL),
(13, 616, NULL),
(13, 617, NULL),
(13, 618, NULL),
(13, 619, NULL),
(13, 620, NULL),
(13, 621, NULL),
(13, 622, NULL),
(13, 623, NULL),
(13, 624, NULL),
(13, 625, NULL),
(13, 626, NULL),
(13, 627, NULL),
(13, 628, NULL),
(13, 629, NULL),
(13, 630, NULL),
(13, 631, NULL),
(13, 633, NULL),
(13, 634, NULL),
(13, 635, NULL),
(13, 636, NULL),
(13, 637, NULL),
(13, 638, NULL),
(13, 639, NULL),
(13, 640, NULL),
(13, 641, NULL),
(13, 642, NULL),
(13, 643, NULL),
(13, 644, NULL),
(13, 645, NULL),
(13, 646, NULL),
(13, 647, NULL),
(13, 648, NULL),
(13, 649, NULL),
(13, 650, NULL),
(13, 651, NULL),
(13, 791, NULL),
(13, 792, NULL),
(13, 799, NULL),
(13, 816, NULL),
(13, 817, NULL),
(13, 818, NULL),
(13, 819, NULL),
(13, 820, NULL),
(13, 821, NULL),
(13, 822, NULL),
(13, 823, NULL),
(13, 824, NULL),
(13, 826, NULL),
(13, 827, NULL),
(13, 828, NULL),
(13, 829, NULL),
(13, 830, NULL),
(13, 831, NULL),
(13, 832, NULL),
(13, 833, NULL),
(13, 834, NULL),
(13, 835, NULL),
(13, 837, NULL),
(13, 838, NULL),
(13, 839, NULL),
(13, 840, NULL),
(13, 841, NULL),
(13, 842, NULL),
(13, 843, NULL),
(13, 844, NULL),
(13, 845, NULL),
(13, 846, NULL),
(13, 847, NULL),
(13, 848, NULL),
(13, 849, NULL),
(13, 850, NULL),
(13, 851, NULL),
(13, 852, NULL),
(13, 853, NULL),
(13, 854, NULL),
(13, 855, NULL),
(13, 858, NULL),
(13, 859, NULL),
(13, 860, NULL),
(13, 861, NULL),
(13, 862, NULL),
(13, 915, NULL),
(14, 554, NULL),
(14, 555, NULL),
(14, 556, NULL),
(14, 557, NULL),
(14, 558, NULL),
(14, 559, NULL),
(14, 632, NULL),
(14, 686, NULL),
(14, 687, NULL),
(14, 688, NULL),
(14, 689, NULL),
(14, 690, NULL),
(14, 691, NULL),
(14, 692, NULL),
(14, 693, NULL),
(14, 694, NULL),
(14, 695, NULL),
(14, 696, NULL),
(14, 697, NULL),
(14, 698, NULL),
(14, 699, NULL),
(14, 700, NULL),
(14, 701, NULL),
(14, 702, NULL),
(14, 703, NULL),
(14, 704, NULL),
(14, 705, NULL),
(14, 706, NULL),
(14, 707, NULL),
(14, 708, NULL),
(14, 709, NULL),
(14, 710, NULL),
(14, 711, NULL),
(14, 712, NULL),
(14, 713, NULL),
(14, 714, NULL),
(14, 715, NULL),
(14, 716, NULL),
(14, 717, NULL),
(14, 718, NULL),
(14, 719, NULL),
(14, 720, NULL),
(14, 721, NULL),
(14, 722, NULL),
(14, 723, NULL),
(14, 724, NULL),
(14, 725, NULL),
(14, 726, NULL),
(14, 727, NULL),
(14, 728, NULL),
(14, 729, NULL),
(14, 780, NULL),
(14, 781, NULL),
(14, 782, NULL),
(14, 783, NULL),
(14, 784, NULL),
(14, 785, NULL),
(14, 786, NULL),
(14, 787, NULL),
(14, 788, NULL),
(14, 789, NULL),
(14, 790, NULL),
(14, 795, NULL),
(14, 816, NULL),
(14, 817, NULL),
(14, 818, NULL),
(14, 819, NULL),
(14, 820, NULL),
(14, 821, NULL),
(14, 822, NULL),
(14, 823, NULL),
(14, 824, NULL),
(14, 826, NULL),
(14, 827, NULL),
(14, 828, NULL),
(14, 829, NULL),
(14, 830, NULL),
(14, 831, NULL),
(14, 832, NULL),
(14, 833, NULL),
(14, 834, NULL),
(14, 835, NULL),
(14, 837, NULL),
(14, 838, NULL),
(14, 839, NULL),
(14, 840, NULL),
(14, 841, NULL),
(14, 842, NULL),
(14, 843, NULL),
(14, 844, NULL),
(14, 845, NULL),
(14, 846, NULL),
(14, 847, NULL),
(14, 848, NULL),
(14, 849, NULL),
(14, 850, NULL),
(14, 851, NULL),
(14, 852, NULL),
(14, 853, NULL),
(14, 854, NULL),
(14, 855, NULL),
(14, 858, NULL),
(14, 859, NULL),
(14, 860, NULL),
(14, 861, NULL),
(14, 862, NULL),
(14, 915, NULL),
(15, 543, NULL),
(15, 544, NULL),
(15, 545, NULL),
(15, 546, NULL),
(15, 547, NULL),
(15, 612, NULL),
(15, 613, NULL),
(15, 614, NULL),
(15, 615, NULL),
(15, 616, NULL),
(15, 617, NULL),
(15, 618, NULL),
(15, 619, NULL),
(15, 620, NULL),
(15, 621, NULL),
(15, 622, NULL),
(15, 623, NULL),
(15, 624, NULL),
(15, 625, NULL),
(15, 626, NULL),
(15, 627, NULL),
(15, 628, NULL),
(15, 629, NULL),
(15, 630, NULL),
(15, 631, NULL),
(15, 633, NULL),
(15, 634, NULL),
(15, 635, NULL),
(15, 636, NULL),
(15, 637, NULL),
(15, 638, NULL),
(15, 639, NULL),
(15, 640, NULL),
(15, 641, NULL),
(15, 642, NULL),
(15, 643, NULL),
(15, 644, NULL),
(15, 645, NULL),
(15, 646, NULL),
(15, 647, NULL),
(15, 648, NULL),
(15, 649, NULL),
(15, 650, NULL),
(15, 651, NULL),
(15, 791, NULL),
(15, 792, NULL),
(15, 799, NULL),
(15, 816, NULL),
(15, 817, NULL),
(15, 818, NULL),
(15, 819, NULL),
(15, 820, NULL),
(15, 821, NULL),
(15, 822, NULL),
(15, 823, NULL),
(15, 824, NULL),
(15, 826, NULL),
(15, 827, NULL),
(15, 828, NULL),
(15, 829, NULL),
(15, 830, NULL),
(15, 831, NULL),
(15, 832, NULL),
(15, 833, NULL),
(15, 834, NULL),
(15, 835, NULL),
(15, 837, NULL),
(15, 838, NULL),
(15, 839, NULL),
(15, 840, NULL),
(15, 841, NULL),
(15, 842, NULL),
(15, 843, NULL),
(15, 844, NULL),
(15, 845, NULL),
(15, 846, NULL),
(15, 847, NULL),
(15, 848, NULL),
(15, 849, NULL),
(15, 850, NULL),
(15, 851, NULL),
(15, 852, NULL),
(15, 853, NULL),
(15, 854, NULL),
(15, 855, NULL),
(15, 858, NULL),
(15, 859, NULL),
(15, 860, NULL),
(15, 861, NULL),
(15, 862, NULL),
(15, 915, NULL),
(16, 543, NULL),
(16, 544, NULL),
(16, 545, NULL),
(16, 546, NULL),
(16, 547, NULL),
(16, 612, NULL),
(16, 613, NULL),
(16, 614, NULL),
(16, 615, NULL),
(16, 616, NULL),
(16, 617, NULL),
(16, 618, NULL),
(16, 619, NULL),
(16, 620, NULL),
(16, 621, NULL),
(16, 622, NULL),
(16, 623, NULL),
(16, 624, NULL),
(16, 625, NULL),
(16, 626, NULL),
(16, 627, NULL),
(16, 628, NULL),
(16, 629, NULL),
(16, 630, NULL),
(16, 631, NULL),
(16, 633, NULL),
(16, 634, NULL),
(16, 635, NULL),
(16, 636, NULL),
(16, 637, NULL),
(16, 638, NULL),
(16, 639, NULL),
(16, 640, NULL),
(16, 641, NULL),
(16, 642, NULL),
(16, 643, NULL),
(16, 644, NULL),
(16, 645, NULL),
(16, 646, NULL),
(16, 647, NULL),
(16, 648, NULL),
(16, 649, NULL),
(16, 650, NULL),
(16, 651, NULL),
(16, 791, NULL),
(16, 792, NULL),
(16, 799, NULL),
(16, 816, NULL),
(16, 817, NULL),
(16, 818, NULL),
(16, 819, NULL),
(16, 820, NULL),
(16, 821, NULL),
(16, 822, NULL),
(16, 823, NULL),
(16, 824, NULL),
(16, 826, NULL),
(16, 827, NULL),
(16, 828, NULL),
(16, 829, NULL),
(16, 830, NULL),
(16, 831, NULL),
(16, 832, NULL),
(16, 833, NULL),
(16, 834, NULL),
(16, 835, NULL),
(16, 837, NULL),
(16, 838, NULL),
(16, 839, NULL),
(16, 840, NULL),
(16, 841, NULL),
(16, 842, NULL),
(16, 843, NULL),
(16, 844, NULL),
(16, 845, NULL),
(16, 846, NULL),
(16, 847, NULL),
(16, 848, NULL),
(16, 849, NULL),
(16, 850, NULL),
(16, 851, NULL),
(16, 852, NULL),
(16, 853, NULL),
(16, 854, NULL),
(16, 855, NULL),
(16, 858, NULL),
(16, 859, NULL),
(16, 860, NULL),
(16, 861, NULL),
(16, 862, NULL),
(16, 915, NULL),
(17, 543, NULL),
(17, 544, NULL),
(17, 545, NULL),
(17, 546, NULL),
(17, 547, NULL),
(17, 612, NULL),
(17, 613, NULL),
(17, 614, NULL),
(17, 615, NULL),
(17, 616, NULL),
(17, 617, NULL),
(17, 618, NULL),
(17, 619, NULL),
(17, 620, NULL),
(17, 621, NULL),
(17, 622, NULL),
(17, 623, NULL),
(17, 624, NULL),
(17, 625, NULL),
(17, 626, NULL),
(17, 627, NULL),
(17, 628, NULL),
(17, 629, NULL),
(17, 630, NULL),
(17, 631, NULL),
(17, 633, NULL),
(17, 634, NULL),
(17, 635, NULL),
(17, 636, NULL),
(17, 637, NULL),
(17, 638, NULL),
(17, 639, NULL),
(17, 640, NULL),
(17, 641, NULL),
(17, 642, NULL),
(17, 643, NULL),
(17, 644, NULL),
(17, 645, NULL),
(17, 646, NULL),
(17, 647, NULL),
(17, 648, NULL),
(17, 649, NULL),
(17, 650, NULL),
(17, 651, NULL),
(17, 791, NULL),
(17, 792, NULL),
(17, 799, NULL),
(17, 816, NULL),
(17, 817, NULL),
(17, 818, NULL),
(17, 819, NULL),
(17, 820, NULL),
(17, 821, NULL),
(17, 822, NULL),
(17, 823, NULL),
(17, 824, NULL),
(17, 826, NULL),
(17, 827, NULL),
(17, 828, NULL),
(17, 829, NULL),
(17, 830, NULL),
(17, 831, NULL),
(17, 832, NULL),
(17, 833, NULL),
(17, 834, NULL),
(17, 835, NULL),
(17, 837, NULL),
(17, 838, NULL),
(17, 839, NULL),
(17, 840, NULL),
(17, 841, NULL),
(17, 842, NULL),
(17, 843, NULL),
(17, 844, NULL),
(17, 845, NULL),
(17, 846, NULL),
(17, 847, NULL),
(17, 848, NULL),
(17, 849, NULL),
(17, 850, NULL),
(17, 851, NULL),
(17, 852, NULL),
(17, 853, NULL),
(17, 854, NULL),
(17, 855, NULL),
(17, 858, NULL),
(17, 859, NULL),
(17, 860, NULL),
(17, 861, NULL),
(17, 862, NULL),
(17, 915, NULL),
(18, 543, NULL),
(18, 544, NULL),
(18, 545, NULL),
(18, 546, NULL),
(18, 547, NULL),
(18, 612, NULL),
(18, 613, NULL),
(18, 614, NULL),
(18, 615, NULL),
(18, 616, NULL),
(18, 617, NULL),
(18, 618, NULL),
(18, 619, NULL),
(18, 620, NULL),
(18, 621, NULL),
(18, 622, NULL),
(18, 623, NULL),
(18, 624, NULL),
(18, 625, NULL),
(18, 626, NULL),
(18, 627, NULL),
(18, 628, NULL),
(18, 629, NULL),
(18, 630, NULL),
(18, 631, NULL),
(18, 633, NULL),
(18, 634, NULL),
(18, 635, NULL),
(18, 636, NULL),
(18, 637, NULL),
(18, 638, NULL),
(18, 639, NULL),
(18, 640, NULL),
(18, 641, NULL),
(18, 642, NULL),
(18, 643, NULL),
(18, 644, NULL),
(18, 645, NULL),
(18, 646, NULL),
(18, 647, NULL),
(18, 648, NULL),
(18, 649, NULL),
(18, 650, NULL),
(18, 651, NULL),
(18, 791, NULL),
(18, 792, NULL),
(18, 799, NULL),
(18, 816, NULL),
(18, 817, NULL),
(18, 818, NULL),
(18, 819, NULL),
(18, 820, NULL),
(18, 821, NULL),
(18, 822, NULL),
(18, 823, NULL),
(18, 824, NULL),
(18, 826, NULL),
(18, 827, NULL),
(18, 828, NULL),
(18, 829, NULL),
(18, 830, NULL),
(18, 831, NULL),
(18, 832, NULL),
(18, 833, NULL),
(18, 834, NULL),
(18, 835, NULL),
(18, 837, NULL),
(18, 838, NULL),
(18, 839, NULL),
(18, 840, NULL),
(18, 841, NULL),
(18, 842, NULL),
(18, 843, NULL),
(18, 844, NULL),
(18, 845, NULL),
(18, 846, NULL),
(18, 847, NULL),
(18, 848, NULL),
(18, 849, NULL),
(18, 850, NULL),
(18, 851, NULL),
(18, 852, NULL),
(18, 853, NULL),
(18, 854, NULL),
(18, 855, NULL),
(18, 858, NULL),
(18, 859, NULL),
(18, 860, NULL),
(18, 861, NULL),
(18, 862, NULL),
(18, 915, NULL),
(19, 543, NULL),
(19, 544, NULL),
(19, 545, NULL),
(19, 546, NULL),
(19, 547, NULL),
(19, 612, NULL),
(19, 613, NULL),
(19, 614, NULL),
(19, 615, NULL),
(19, 616, NULL),
(19, 617, NULL),
(19, 618, NULL),
(19, 619, NULL),
(19, 620, NULL),
(19, 621, NULL),
(19, 622, NULL),
(19, 623, NULL),
(19, 624, NULL),
(19, 625, NULL),
(19, 626, NULL),
(19, 627, NULL),
(19, 628, NULL),
(19, 629, NULL),
(19, 630, NULL),
(19, 631, NULL),
(19, 633, NULL),
(19, 634, NULL),
(19, 635, NULL),
(19, 636, NULL),
(19, 637, NULL),
(19, 638, NULL),
(19, 639, NULL),
(19, 640, NULL),
(19, 641, NULL),
(19, 642, NULL),
(19, 643, NULL),
(19, 644, NULL),
(19, 645, NULL),
(19, 646, NULL),
(19, 647, NULL),
(19, 648, NULL),
(19, 649, NULL),
(19, 650, NULL),
(19, 651, NULL),
(19, 791, NULL),
(19, 792, NULL),
(19, 799, NULL),
(19, 816, NULL),
(19, 817, NULL),
(19, 818, NULL),
(19, 819, NULL),
(19, 820, NULL),
(19, 821, NULL),
(19, 822, NULL),
(19, 823, NULL),
(19, 824, NULL),
(19, 826, NULL),
(19, 827, NULL),
(19, 828, NULL),
(19, 829, NULL),
(19, 830, NULL),
(19, 831, NULL),
(19, 832, NULL),
(19, 833, NULL),
(19, 834, NULL),
(19, 835, NULL),
(19, 837, NULL),
(19, 838, NULL),
(19, 839, NULL),
(19, 840, NULL),
(19, 841, NULL),
(19, 842, NULL),
(19, 843, NULL),
(19, 844, NULL),
(19, 845, NULL),
(19, 846, NULL),
(19, 847, NULL),
(19, 848, NULL),
(19, 849, NULL),
(19, 850, NULL),
(19, 851, NULL),
(19, 852, NULL),
(19, 853, NULL),
(19, 854, NULL),
(19, 855, NULL),
(19, 858, NULL),
(19, 859, NULL),
(19, 860, NULL),
(19, 861, NULL),
(19, 862, NULL),
(19, 915, NULL),
(20, 816, NULL),
(20, 817, NULL),
(20, 818, NULL),
(20, 819, NULL),
(20, 820, NULL),
(20, 821, NULL),
(20, 822, NULL),
(20, 823, NULL),
(20, 824, NULL),
(20, 826, NULL),
(20, 827, NULL),
(20, 828, NULL),
(20, 829, NULL),
(20, 830, NULL),
(20, 831, NULL),
(20, 832, NULL),
(20, 833, NULL),
(20, 834, NULL),
(20, 835, NULL),
(20, 837, NULL),
(20, 838, NULL),
(20, 839, NULL),
(20, 840, NULL),
(20, 841, NULL),
(20, 842, NULL),
(20, 843, NULL),
(20, 844, NULL),
(20, 845, NULL),
(20, 846, NULL),
(20, 847, NULL),
(20, 848, NULL),
(20, 849, NULL),
(20, 850, NULL),
(20, 851, NULL),
(20, 852, NULL),
(20, 853, NULL),
(20, 854, NULL),
(20, 855, NULL),
(20, 858, NULL),
(20, 859, NULL),
(20, 860, NULL),
(20, 861, NULL),
(20, 862, NULL),
(20, 915, NULL),
(21, 543, NULL),
(21, 544, NULL),
(21, 545, NULL),
(21, 546, NULL),
(21, 547, NULL),
(21, 612, NULL),
(21, 613, NULL),
(21, 614, NULL),
(21, 615, NULL),
(21, 616, NULL),
(21, 617, NULL),
(21, 618, NULL),
(21, 619, NULL),
(21, 620, NULL),
(21, 621, NULL),
(21, 622, NULL),
(21, 623, NULL),
(21, 624, NULL),
(21, 625, NULL),
(21, 626, NULL),
(21, 627, NULL),
(21, 628, NULL),
(21, 629, NULL),
(21, 630, NULL),
(21, 631, NULL),
(21, 633, NULL),
(21, 634, NULL),
(21, 635, NULL),
(21, 636, NULL),
(21, 637, NULL),
(21, 638, NULL),
(21, 639, NULL),
(21, 640, NULL),
(21, 641, NULL),
(21, 642, NULL),
(21, 643, NULL),
(21, 644, NULL),
(21, 645, NULL),
(21, 646, NULL),
(21, 647, NULL),
(21, 648, NULL),
(21, 649, NULL),
(21, 650, NULL),
(21, 651, NULL),
(21, 791, NULL),
(21, 792, NULL),
(21, 799, NULL),
(21, 816, NULL),
(21, 817, NULL),
(21, 818, NULL),
(21, 819, NULL),
(21, 820, NULL),
(21, 821, NULL),
(21, 822, NULL),
(21, 823, NULL),
(21, 824, NULL),
(21, 826, NULL),
(21, 827, NULL),
(21, 828, NULL),
(21, 829, NULL),
(21, 830, NULL),
(21, 831, NULL),
(21, 832, NULL),
(21, 833, NULL),
(21, 834, NULL),
(21, 835, NULL),
(21, 837, NULL),
(21, 838, NULL),
(21, 839, NULL),
(21, 840, NULL),
(21, 841, NULL),
(21, 842, NULL),
(21, 843, NULL),
(21, 844, NULL),
(21, 845, NULL),
(21, 846, NULL),
(21, 847, NULL),
(21, 848, NULL),
(21, 849, NULL),
(21, 850, NULL),
(21, 851, NULL),
(21, 852, NULL),
(21, 853, NULL),
(21, 854, NULL),
(21, 855, NULL),
(21, 858, NULL),
(21, 859, NULL),
(21, 860, NULL),
(21, 861, NULL),
(21, 862, NULL),
(21, 915, NULL),
(22, 543, NULL),
(22, 544, NULL),
(22, 545, NULL),
(22, 546, NULL),
(22, 547, NULL),
(22, 612, NULL),
(22, 613, NULL),
(22, 614, NULL),
(22, 615, NULL),
(22, 616, NULL),
(22, 617, NULL),
(22, 618, NULL),
(22, 619, NULL),
(22, 620, NULL),
(22, 621, NULL),
(22, 622, NULL),
(22, 623, NULL),
(22, 624, NULL),
(22, 625, NULL),
(22, 626, NULL),
(22, 627, NULL),
(22, 628, NULL),
(22, 629, NULL),
(22, 630, NULL),
(22, 631, NULL),
(22, 633, NULL),
(22, 634, NULL),
(22, 635, NULL),
(22, 636, NULL),
(22, 637, NULL),
(22, 638, NULL),
(22, 639, NULL),
(22, 640, NULL),
(22, 641, NULL),
(22, 642, NULL),
(22, 643, NULL),
(22, 644, NULL),
(22, 645, NULL),
(22, 646, NULL),
(22, 647, NULL),
(22, 648, NULL),
(22, 649, NULL),
(22, 650, NULL),
(22, 651, NULL),
(22, 791, NULL),
(22, 792, NULL),
(22, 799, NULL),
(22, 816, NULL),
(22, 817, NULL),
(22, 818, NULL),
(22, 819, NULL),
(22, 820, NULL),
(22, 821, NULL),
(22, 822, NULL),
(22, 823, NULL),
(22, 824, NULL),
(22, 826, NULL),
(22, 827, NULL),
(22, 828, NULL),
(22, 829, NULL),
(22, 830, NULL),
(22, 831, NULL),
(22, 832, NULL),
(22, 833, NULL),
(22, 834, NULL),
(22, 835, NULL),
(22, 837, NULL),
(22, 838, NULL),
(22, 839, NULL),
(22, 840, NULL),
(22, 841, NULL),
(22, 842, NULL),
(22, 843, NULL),
(22, 844, NULL),
(22, 845, NULL),
(22, 846, NULL),
(22, 847, NULL),
(22, 848, NULL),
(22, 849, NULL),
(22, 850, NULL),
(22, 851, NULL),
(22, 852, NULL),
(22, 853, NULL),
(22, 854, NULL),
(22, 855, NULL),
(22, 858, NULL),
(22, 859, NULL),
(22, 860, NULL),
(22, 861, NULL),
(22, 862, NULL),
(22, 915, NULL),
(23, 730, NULL),
(23, 731, NULL),
(23, 732, NULL),
(23, 733, NULL),
(23, 734, NULL),
(23, 735, NULL),
(23, 736, NULL),
(23, 737, NULL),
(23, 738, NULL),
(23, 739, NULL),
(23, 740, NULL),
(23, 741, NULL),
(23, 742, NULL),
(23, 743, NULL),
(23, 744, NULL),
(23, 745, NULL),
(23, 746, NULL),
(23, 747, NULL),
(23, 748, NULL),
(23, 749, NULL),
(23, 750, NULL),
(23, 751, NULL),
(23, 752, NULL),
(23, 753, NULL),
(23, 754, NULL),
(23, 755, NULL),
(23, 756, NULL),
(23, 757, NULL),
(23, 758, NULL),
(23, 759, NULL),
(23, 760, NULL),
(23, 761, NULL),
(23, 762, NULL),
(23, 763, NULL),
(23, 764, NULL),
(23, 765, NULL),
(23, 766, NULL),
(23, 767, NULL),
(23, 768, NULL),
(23, 769, NULL),
(23, 770, NULL),
(23, 771, NULL),
(23, 772, NULL),
(23, 773, NULL),
(23, 774, NULL),
(23, 775, NULL),
(23, 776, NULL),
(23, 777, NULL),
(23, 778, NULL),
(23, 779, NULL),
(23, 794, NULL),
(23, 797, NULL),
(23, 906, NULL),
(23, 907, NULL),
(23, 908, NULL),
(23, 910, NULL),
(23, 911, NULL),
(23, 914, NULL),
(23, 916, NULL),
(23, 921, NULL),
(23, 922, NULL),
(23, 924, NULL),
(23, 926, NULL),
(23, 928, NULL),
(23, 929, NULL),
(23, 931, NULL),
(23, 932, NULL),
(23, 933, NULL),
(23, 936, NULL),
(23, 938, NULL),
(23, 939, NULL),
(23, 940, NULL),
(23, 941, NULL),
(23, 942, NULL),
(23, 943, NULL),
(23, 944, NULL),
(23, 945, NULL),
(23, 946, NULL),
(23, 947, NULL),
(23, 948, NULL),
(23, 949, NULL),
(23, 950, NULL),
(23, 951, NULL),
(23, 952, NULL),
(23, 953, NULL),
(23, 954, NULL),
(23, 955, NULL),
(23, 956, NULL),
(23, 957, NULL),
(23, 958, NULL),
(23, 959, NULL),
(23, 960, NULL),
(23, 961, NULL),
(23, 962, NULL),
(23, 963, NULL),
(23, 964, NULL),
(23, 966, NULL),
(23, 967, NULL),
(23, 968, NULL),
(23, 969, NULL),
(24, 554, NULL),
(24, 556, NULL),
(24, 557, NULL),
(24, 558, NULL),
(24, 559, NULL),
(24, 632, NULL),
(24, 686, NULL),
(24, 687, NULL),
(24, 688, NULL),
(24, 689, NULL),
(24, 690, NULL),
(24, 691, NULL),
(24, 692, NULL),
(24, 693, NULL),
(24, 694, NULL),
(24, 695, NULL),
(24, 696, NULL),
(24, 697, NULL),
(24, 698, NULL),
(24, 699, NULL),
(24, 700, NULL),
(24, 701, NULL),
(24, 702, NULL),
(24, 703, NULL),
(24, 704, NULL),
(24, 705, NULL),
(24, 706, NULL),
(24, 707, NULL),
(24, 708, NULL),
(24, 709, NULL),
(24, 710, NULL),
(24, 711, NULL),
(24, 712, NULL),
(24, 713, NULL),
(24, 714, NULL),
(24, 715, NULL),
(24, 716, NULL),
(24, 717, NULL),
(24, 718, NULL),
(24, 719, NULL),
(24, 720, NULL),
(24, 721, NULL),
(24, 722, NULL),
(24, 723, NULL),
(24, 724, NULL),
(24, 725, NULL),
(24, 726, NULL),
(24, 727, NULL),
(24, 728, NULL),
(24, 729, NULL),
(24, 780, NULL),
(24, 781, NULL),
(24, 782, NULL),
(24, 783, NULL),
(24, 784, NULL),
(24, 785, NULL),
(24, 786, NULL),
(24, 787, NULL),
(24, 788, NULL),
(24, 789, NULL),
(24, 790, NULL),
(24, 795, NULL),
(24, 906, NULL),
(24, 907, NULL),
(24, 908, NULL),
(24, 910, NULL),
(24, 911, NULL),
(24, 914, NULL),
(24, 916, NULL),
(24, 921, NULL),
(24, 922, NULL),
(24, 924, NULL),
(24, 926, NULL),
(24, 928, NULL),
(24, 929, NULL),
(24, 931, NULL),
(24, 932, NULL),
(24, 933, NULL),
(24, 936, NULL),
(24, 938, NULL),
(24, 939, NULL),
(24, 940, NULL),
(24, 941, NULL),
(24, 942, NULL),
(24, 943, NULL),
(24, 944, NULL),
(24, 945, NULL),
(24, 946, NULL),
(24, 947, NULL),
(24, 948, NULL),
(24, 949, NULL),
(24, 950, NULL),
(24, 951, NULL),
(24, 952, NULL),
(24, 953, NULL),
(24, 954, NULL),
(24, 955, NULL),
(24, 956, NULL),
(24, 957, NULL),
(24, 958, NULL),
(24, 959, NULL),
(24, 960, NULL),
(24, 961, NULL),
(24, 962, NULL),
(24, 963, NULL),
(24, 964, NULL),
(24, 966, NULL),
(24, 967, NULL),
(24, 968, NULL),
(24, 969, NULL),
(25, 554, NULL),
(25, 556, NULL),
(25, 557, NULL),
(25, 558, NULL),
(25, 559, NULL),
(25, 632, NULL),
(25, 686, NULL),
(25, 687, NULL),
(25, 688, NULL),
(25, 689, NULL),
(25, 690, NULL),
(25, 691, NULL),
(25, 692, NULL),
(25, 693, NULL),
(25, 694, NULL),
(25, 695, NULL),
(25, 696, NULL),
(25, 697, NULL),
(25, 698, NULL),
(25, 699, NULL),
(25, 700, NULL),
(25, 701, NULL),
(25, 702, NULL),
(25, 703, NULL),
(25, 704, NULL),
(25, 705, NULL),
(25, 706, NULL),
(25, 707, NULL),
(25, 708, NULL),
(25, 709, NULL),
(25, 710, NULL),
(25, 711, NULL),
(25, 712, NULL),
(25, 713, NULL),
(25, 714, NULL),
(25, 715, NULL),
(25, 716, NULL),
(25, 717, NULL),
(25, 718, NULL),
(25, 719, NULL),
(25, 720, NULL),
(25, 721, NULL),
(25, 722, NULL),
(25, 723, NULL),
(25, 724, NULL),
(25, 725, NULL),
(25, 726, NULL),
(25, 727, NULL),
(25, 728, NULL),
(25, 729, NULL),
(25, 780, NULL),
(25, 781, NULL),
(25, 782, NULL),
(25, 783, NULL),
(25, 784, NULL),
(25, 785, NULL),
(25, 786, NULL),
(25, 787, NULL),
(25, 788, NULL),
(25, 789, NULL),
(25, 790, NULL),
(25, 795, NULL),
(25, 906, NULL),
(25, 907, NULL),
(25, 908, NULL),
(25, 910, NULL),
(25, 911, NULL),
(25, 914, NULL),
(25, 916, NULL),
(25, 921, NULL),
(25, 922, NULL),
(25, 924, NULL),
(25, 926, NULL),
(25, 928, NULL),
(25, 929, NULL),
(25, 931, NULL),
(25, 932, NULL),
(25, 933, NULL),
(25, 936, NULL),
(25, 938, NULL),
(25, 939, NULL),
(25, 940, NULL),
(25, 941, NULL),
(25, 942, NULL),
(25, 943, NULL),
(25, 944, NULL),
(25, 945, NULL),
(25, 946, NULL),
(25, 947, NULL),
(25, 948, NULL),
(25, 949, NULL),
(25, 950, NULL),
(25, 951, NULL),
(25, 952, NULL),
(25, 953, NULL),
(25, 954, NULL),
(25, 955, NULL),
(25, 956, NULL),
(25, 957, NULL),
(25, 958, NULL),
(25, 959, NULL),
(25, 960, NULL),
(25, 961, NULL),
(25, 962, NULL),
(25, 963, NULL),
(25, 964, NULL),
(25, 966, NULL),
(25, 967, NULL),
(25, 968, NULL),
(25, 969, NULL),
(26, 554, NULL),
(26, 556, NULL),
(26, 557, NULL),
(26, 558, NULL),
(26, 559, NULL),
(26, 632, NULL),
(26, 686, NULL),
(26, 687, NULL),
(26, 688, NULL),
(26, 689, NULL),
(26, 690, NULL),
(26, 691, NULL),
(26, 692, NULL),
(26, 693, NULL),
(26, 694, NULL),
(26, 695, NULL),
(26, 696, NULL),
(26, 697, NULL),
(26, 698, NULL),
(26, 699, NULL),
(26, 700, NULL),
(26, 701, NULL),
(26, 702, NULL),
(26, 703, NULL),
(26, 704, NULL),
(26, 705, NULL),
(26, 706, NULL),
(26, 707, NULL),
(26, 708, NULL),
(26, 709, NULL),
(26, 710, NULL),
(26, 711, NULL),
(26, 712, NULL),
(26, 713, NULL),
(26, 714, NULL),
(26, 715, NULL),
(26, 716, NULL),
(26, 717, NULL),
(26, 718, NULL),
(26, 719, NULL),
(26, 720, NULL),
(26, 721, NULL),
(26, 722, NULL),
(26, 723, NULL),
(26, 724, NULL),
(26, 725, NULL),
(26, 726, NULL),
(26, 727, NULL),
(26, 728, NULL),
(26, 729, NULL),
(26, 780, NULL),
(26, 781, NULL),
(26, 782, NULL),
(26, 783, NULL),
(26, 784, NULL),
(26, 785, NULL),
(26, 786, NULL),
(26, 787, NULL),
(26, 788, NULL),
(26, 789, NULL),
(26, 790, NULL),
(26, 795, NULL),
(26, 906, NULL),
(26, 907, NULL),
(26, 908, NULL),
(26, 910, NULL),
(26, 911, NULL),
(26, 914, NULL),
(26, 916, NULL),
(26, 921, NULL),
(26, 922, NULL),
(26, 924, NULL),
(26, 926, NULL),
(26, 928, NULL),
(26, 929, NULL),
(26, 931, NULL),
(26, 932, NULL),
(26, 933, NULL),
(26, 936, NULL),
(26, 938, NULL),
(26, 939, NULL),
(26, 940, NULL),
(26, 941, NULL),
(26, 942, NULL),
(26, 943, NULL),
(26, 944, NULL),
(26, 945, NULL),
(26, 946, NULL),
(26, 947, NULL),
(26, 948, NULL),
(26, 949, NULL),
(26, 950, NULL),
(26, 951, NULL),
(26, 952, NULL),
(26, 953, NULL),
(26, 954, NULL),
(26, 955, NULL),
(26, 956, NULL),
(26, 957, NULL),
(26, 958, NULL),
(26, 959, NULL),
(26, 960, NULL),
(26, 961, NULL),
(26, 962, NULL),
(26, 963, NULL),
(26, 964, NULL),
(26, 966, NULL),
(26, 967, NULL),
(26, 968, NULL),
(26, 969, NULL),
(27, 554, NULL),
(27, 556, NULL),
(27, 557, NULL),
(27, 558, NULL),
(27, 559, NULL),
(27, 632, NULL),
(27, 686, NULL),
(27, 687, NULL),
(27, 688, NULL),
(27, 689, NULL),
(27, 690, NULL),
(27, 691, NULL),
(27, 692, NULL),
(27, 693, NULL),
(27, 694, NULL),
(27, 695, NULL),
(27, 696, NULL),
(27, 697, NULL),
(27, 698, NULL),
(27, 699, NULL),
(27, 700, NULL),
(27, 701, NULL),
(27, 702, NULL),
(27, 703, NULL),
(27, 704, NULL),
(27, 705, NULL),
(27, 706, NULL),
(27, 707, NULL),
(27, 708, NULL),
(27, 709, NULL),
(27, 710, NULL),
(27, 711, NULL),
(27, 712, NULL),
(27, 713, NULL),
(27, 714, NULL),
(27, 715, NULL),
(27, 716, NULL),
(27, 717, NULL),
(27, 718, NULL),
(27, 719, NULL),
(27, 720, NULL),
(27, 721, NULL),
(27, 722, NULL),
(27, 723, NULL),
(27, 724, NULL),
(27, 725, NULL),
(27, 726, NULL),
(27, 727, NULL),
(27, 728, NULL),
(27, 729, NULL),
(27, 780, NULL),
(27, 781, NULL),
(27, 782, NULL),
(27, 783, NULL),
(27, 784, NULL),
(27, 785, NULL),
(27, 786, NULL),
(27, 787, NULL),
(27, 788, NULL),
(27, 789, NULL),
(27, 790, NULL),
(27, 795, NULL),
(27, 906, NULL),
(27, 907, NULL),
(27, 908, NULL),
(27, 910, NULL),
(27, 911, NULL),
(27, 914, NULL),
(27, 916, NULL),
(27, 921, NULL),
(27, 922, NULL),
(27, 924, NULL),
(27, 926, NULL),
(27, 928, NULL),
(27, 929, NULL),
(27, 931, NULL),
(27, 932, NULL),
(27, 933, NULL),
(27, 936, NULL),
(27, 938, NULL),
(27, 939, NULL),
(27, 940, NULL),
(27, 941, NULL),
(27, 942, NULL),
(27, 943, NULL),
(27, 944, NULL),
(27, 945, NULL),
(27, 946, NULL),
(27, 947, NULL),
(27, 948, NULL),
(27, 949, NULL),
(27, 950, NULL),
(27, 951, NULL),
(27, 952, NULL),
(27, 953, NULL),
(27, 954, NULL),
(27, 955, NULL),
(27, 956, NULL),
(27, 957, NULL),
(27, 958, NULL),
(27, 959, NULL),
(27, 960, NULL),
(27, 961, NULL),
(27, 962, NULL),
(27, 963, NULL),
(27, 964, NULL),
(27, 966, NULL),
(27, 967, NULL),
(27, 968, NULL),
(27, 969, NULL),
(28, 906, NULL),
(28, 907, NULL),
(28, 908, NULL),
(28, 910, NULL),
(28, 911, NULL),
(28, 914, NULL),
(28, 916, NULL),
(28, 921, NULL),
(28, 922, NULL),
(28, 924, NULL),
(28, 926, NULL),
(28, 928, NULL),
(28, 929, NULL),
(28, 931, NULL),
(28, 932, NULL),
(28, 933, NULL),
(28, 936, NULL),
(28, 938, NULL),
(28, 939, NULL),
(28, 940, NULL),
(28, 941, NULL),
(28, 942, NULL),
(28, 943, NULL),
(28, 944, NULL),
(28, 945, NULL),
(28, 946, NULL),
(28, 947, NULL),
(28, 948, NULL),
(28, 949, NULL),
(28, 950, NULL),
(28, 951, NULL),
(28, 952, NULL),
(28, 953, NULL),
(28, 954, NULL),
(28, 955, NULL),
(28, 956, NULL),
(28, 957, NULL),
(28, 958, NULL),
(28, 959, NULL),
(28, 960, NULL),
(28, 961, NULL),
(28, 962, NULL),
(28, 963, NULL),
(28, 964, NULL),
(28, 966, NULL),
(28, 967, NULL),
(28, 968, NULL),
(28, 969, NULL),
(29, 554, NULL),
(29, 556, NULL),
(29, 557, NULL),
(29, 558, NULL),
(29, 559, NULL),
(29, 632, NULL),
(29, 686, NULL),
(29, 687, NULL),
(29, 688, NULL),
(29, 689, NULL),
(29, 690, NULL),
(29, 691, NULL),
(29, 692, NULL),
(29, 693, NULL),
(29, 694, NULL),
(29, 695, NULL),
(29, 696, NULL),
(29, 697, NULL),
(29, 698, NULL),
(29, 699, NULL),
(29, 700, NULL),
(29, 701, NULL),
(29, 702, NULL),
(29, 703, NULL),
(29, 704, NULL),
(29, 705, NULL),
(29, 706, NULL),
(29, 707, NULL),
(29, 708, NULL),
(29, 709, NULL),
(29, 710, NULL),
(29, 711, NULL),
(29, 712, NULL),
(29, 713, NULL),
(29, 714, NULL),
(29, 715, NULL),
(29, 716, NULL),
(29, 717, NULL),
(29, 718, NULL),
(29, 719, NULL),
(29, 720, NULL),
(29, 721, NULL),
(29, 722, NULL),
(29, 723, NULL),
(29, 724, NULL),
(29, 725, NULL),
(29, 726, NULL),
(29, 727, NULL),
(29, 728, NULL),
(29, 729, NULL),
(29, 780, NULL),
(29, 781, NULL),
(29, 782, NULL),
(29, 783, NULL),
(29, 784, NULL),
(29, 785, NULL),
(29, 786, NULL),
(29, 787, NULL),
(29, 788, NULL),
(29, 789, NULL),
(29, 790, NULL),
(29, 795, NULL),
(29, 906, NULL),
(29, 907, NULL),
(29, 908, NULL),
(29, 910, NULL),
(29, 911, NULL),
(29, 914, NULL),
(29, 916, NULL),
(29, 921, NULL),
(29, 922, NULL),
(29, 924, NULL),
(29, 926, NULL),
(29, 928, NULL),
(29, 929, NULL),
(29, 931, NULL),
(29, 932, NULL),
(29, 933, NULL),
(29, 936, NULL),
(29, 938, NULL),
(29, 939, NULL),
(29, 940, NULL),
(29, 941, NULL),
(29, 942, NULL),
(29, 943, NULL),
(29, 944, NULL),
(29, 945, NULL),
(29, 946, NULL),
(29, 947, NULL),
(29, 948, NULL),
(29, 949, NULL),
(29, 950, NULL),
(29, 951, NULL),
(29, 952, NULL),
(29, 953, NULL),
(29, 954, NULL),
(29, 955, NULL),
(29, 956, NULL),
(29, 957, NULL),
(29, 958, NULL),
(29, 959, NULL),
(29, 960, NULL),
(29, 961, NULL),
(29, 962, NULL),
(29, 963, NULL),
(29, 964, NULL),
(29, 966, NULL),
(29, 967, NULL),
(29, 968, NULL),
(29, 969, NULL),
(30, 554, NULL),
(30, 556, NULL),
(30, 557, NULL),
(30, 558, NULL),
(30, 559, NULL),
(30, 632, NULL),
(30, 686, NULL),
(30, 687, NULL),
(30, 688, NULL),
(30, 689, NULL),
(30, 690, NULL),
(30, 691, NULL),
(30, 692, NULL),
(30, 693, NULL),
(30, 694, NULL),
(30, 695, NULL),
(30, 696, NULL),
(30, 697, NULL),
(30, 698, NULL),
(30, 699, NULL),
(30, 700, NULL),
(30, 701, NULL),
(30, 702, NULL),
(30, 703, NULL),
(30, 704, NULL),
(30, 705, NULL),
(30, 706, NULL),
(30, 707, NULL),
(30, 708, NULL),
(30, 709, NULL),
(30, 710, NULL),
(30, 711, NULL),
(30, 712, NULL),
(30, 713, NULL),
(30, 714, NULL),
(30, 715, NULL),
(30, 716, NULL),
(30, 717, NULL),
(30, 718, NULL),
(30, 719, NULL),
(30, 720, NULL),
(30, 721, NULL),
(30, 722, NULL),
(30, 723, NULL),
(30, 724, NULL),
(30, 725, NULL),
(30, 726, NULL),
(30, 727, NULL),
(30, 728, NULL),
(30, 729, NULL),
(30, 780, NULL),
(30, 781, NULL),
(30, 782, NULL),
(30, 783, NULL),
(30, 784, NULL),
(30, 785, NULL),
(30, 786, NULL),
(30, 787, NULL),
(30, 788, NULL),
(30, 789, NULL),
(30, 790, NULL),
(30, 795, NULL),
(30, 906, NULL),
(30, 907, NULL),
(30, 908, NULL),
(30, 910, NULL),
(30, 911, NULL),
(30, 914, NULL),
(30, 916, NULL),
(30, 921, NULL),
(30, 922, NULL),
(30, 924, NULL),
(30, 926, NULL),
(30, 928, NULL),
(30, 929, NULL),
(30, 931, NULL),
(30, 932, NULL),
(30, 933, NULL),
(30, 936, NULL),
(30, 938, NULL),
(30, 939, NULL),
(30, 940, NULL),
(30, 941, NULL),
(30, 942, NULL),
(30, 943, NULL),
(30, 944, NULL),
(30, 945, NULL),
(30, 946, NULL),
(30, 947, NULL),
(30, 948, NULL),
(30, 949, NULL),
(30, 950, NULL),
(30, 951, NULL),
(30, 952, NULL),
(30, 953, NULL),
(30, 954, NULL),
(30, 955, NULL),
(30, 956, NULL),
(30, 957, NULL),
(30, 958, NULL),
(30, 959, NULL),
(30, 960, NULL),
(30, 961, NULL),
(30, 962, NULL),
(30, 963, NULL),
(30, 964, NULL),
(30, 966, NULL),
(30, 967, NULL),
(30, 968, NULL),
(30, 969, NULL),
(31, 730, NULL),
(31, 731, NULL),
(31, 732, NULL),
(31, 733, NULL),
(31, 734, NULL),
(31, 735, NULL),
(31, 736, NULL),
(31, 738, NULL),
(31, 739, NULL),
(31, 741, NULL),
(31, 742, NULL),
(31, 743, NULL),
(31, 744, NULL),
(31, 745, NULL),
(31, 746, NULL),
(31, 747, NULL),
(31, 748, NULL),
(31, 749, NULL),
(31, 750, NULL),
(31, 751, NULL),
(31, 753, NULL),
(31, 754, NULL),
(31, 755, NULL),
(31, 756, NULL),
(31, 758, NULL),
(31, 759, NULL),
(31, 760, NULL),
(31, 762, NULL),
(31, 764, NULL),
(31, 765, NULL),
(31, 766, NULL),
(31, 767, NULL),
(31, 769, NULL),
(31, 773, NULL),
(31, 775, NULL),
(31, 776, NULL),
(31, 778, NULL),
(31, 779, NULL),
(31, 797, NULL),
(31, 906, NULL),
(31, 907, NULL),
(31, 908, NULL),
(31, 910, NULL),
(31, 911, NULL),
(31, 914, NULL),
(31, 916, NULL),
(31, 921, NULL),
(31, 922, NULL),
(31, 924, NULL),
(31, 926, NULL),
(31, 928, NULL),
(31, 929, NULL),
(31, 931, NULL),
(31, 932, NULL),
(31, 933, NULL),
(31, 936, NULL),
(31, 938, NULL),
(31, 939, NULL),
(31, 940, NULL),
(31, 941, NULL),
(31, 942, NULL),
(31, 943, NULL),
(31, 944, NULL),
(31, 945, NULL),
(31, 946, NULL),
(31, 947, NULL),
(31, 948, NULL),
(31, 949, NULL),
(31, 950, NULL),
(31, 951, NULL),
(31, 952, NULL),
(31, 953, NULL),
(31, 954, NULL),
(31, 955, NULL),
(31, 956, NULL),
(31, 957, NULL),
(31, 958, NULL),
(31, 959, NULL),
(31, 960, NULL),
(31, 961, NULL),
(31, 962, NULL),
(31, 963, NULL),
(31, 964, NULL),
(31, 966, NULL),
(31, 967, NULL),
(31, 968, NULL),
(31, 969, NULL),
(32, 906, NULL),
(32, 907, NULL),
(32, 908, NULL),
(32, 910, NULL),
(32, 911, NULL),
(32, 914, NULL),
(32, 916, NULL),
(32, 921, NULL),
(32, 922, NULL),
(32, 924, NULL),
(32, 926, NULL),
(32, 928, NULL),
(32, 929, NULL),
(32, 931, NULL),
(32, 932, NULL),
(32, 933, NULL),
(32, 936, NULL),
(32, 938, NULL),
(32, 939, NULL),
(32, 940, NULL),
(32, 941, NULL),
(32, 942, NULL),
(32, 943, NULL),
(32, 944, NULL),
(32, 945, NULL),
(32, 946, NULL),
(32, 947, NULL),
(32, 948, NULL),
(32, 949, NULL),
(32, 950, NULL),
(32, 951, NULL),
(32, 952, NULL),
(32, 953, NULL),
(32, 954, NULL),
(32, 955, NULL),
(32, 956, NULL),
(32, 957, NULL),
(32, 958, NULL),
(32, 959, NULL),
(32, 960, NULL),
(32, 961, NULL),
(32, 962, NULL),
(32, 963, NULL),
(32, 964, NULL),
(32, 966, NULL),
(32, 967, NULL),
(32, 968, NULL),
(32, 969, NULL),
(33, 730, NULL),
(33, 731, NULL),
(33, 732, NULL),
(33, 733, NULL),
(33, 734, NULL),
(33, 735, NULL),
(33, 736, NULL),
(33, 737, NULL),
(33, 738, NULL),
(33, 739, NULL),
(33, 740, NULL),
(33, 741, NULL),
(33, 742, NULL),
(33, 743, NULL),
(33, 744, NULL),
(33, 745, NULL),
(33, 746, NULL),
(33, 747, NULL),
(33, 748, NULL),
(33, 749, NULL),
(33, 750, NULL),
(33, 751, NULL),
(33, 752, NULL),
(33, 753, NULL),
(33, 754, NULL),
(33, 755, NULL),
(33, 756, NULL),
(33, 757, NULL),
(33, 758, NULL),
(33, 759, NULL),
(33, 760, NULL),
(33, 761, NULL),
(33, 762, NULL),
(33, 763, NULL),
(33, 764, NULL),
(33, 765, NULL),
(33, 766, NULL),
(33, 767, NULL),
(33, 768, NULL),
(33, 769, NULL),
(33, 770, NULL),
(33, 771, NULL),
(33, 772, NULL),
(33, 773, NULL),
(33, 774, NULL),
(33, 775, NULL),
(33, 776, NULL),
(33, 777, NULL),
(33, 778, NULL),
(33, 779, NULL),
(33, 794, NULL),
(33, 797, NULL),
(33, 906, NULL),
(33, 907, NULL),
(33, 908, NULL),
(33, 910, NULL),
(33, 911, NULL),
(33, 914, NULL),
(33, 916, NULL),
(33, 921, NULL),
(33, 922, NULL),
(33, 924, NULL),
(33, 926, NULL),
(33, 928, NULL),
(33, 929, NULL),
(33, 931, NULL),
(33, 932, NULL),
(33, 933, NULL),
(33, 936, NULL),
(33, 938, NULL),
(33, 939, NULL),
(33, 940, NULL),
(33, 941, NULL),
(33, 942, NULL),
(33, 943, NULL),
(33, 944, NULL),
(33, 945, NULL),
(33, 946, NULL),
(33, 947, NULL),
(33, 948, NULL),
(33, 949, NULL),
(33, 950, NULL),
(33, 951, NULL),
(33, 952, NULL),
(33, 953, NULL),
(33, 954, NULL),
(33, 955, NULL),
(33, 956, NULL),
(33, 957, NULL),
(33, 958, NULL),
(33, 959, NULL),
(33, 960, NULL),
(33, 961, NULL),
(33, 962, NULL),
(33, 963, NULL),
(33, 964, NULL),
(33, 966, NULL),
(33, 967, NULL),
(33, 968, NULL),
(33, 969, NULL),
(35, 730, NULL),
(35, 731, NULL),
(35, 732, NULL),
(35, 733, NULL),
(35, 734, NULL),
(35, 735, NULL),
(35, 736, NULL),
(35, 737, NULL),
(35, 738, NULL),
(35, 739, NULL),
(35, 740, NULL),
(35, 741, NULL),
(35, 742, NULL),
(35, 743, NULL),
(35, 744, NULL),
(35, 745, NULL),
(35, 746, NULL),
(35, 747, NULL),
(35, 748, NULL),
(35, 749, NULL),
(35, 750, NULL),
(35, 751, NULL),
(35, 752, NULL),
(35, 753, NULL),
(35, 754, NULL),
(35, 755, NULL),
(35, 756, NULL),
(35, 757, NULL),
(35, 758, NULL),
(35, 759, NULL),
(35, 760, NULL),
(35, 761, NULL),
(35, 762, NULL),
(35, 763, NULL),
(35, 764, NULL),
(35, 765, NULL),
(35, 766, NULL),
(35, 767, NULL),
(35, 768, NULL),
(35, 769, NULL),
(35, 770, NULL),
(35, 771, NULL),
(35, 772, NULL),
(35, 773, NULL),
(35, 774, NULL),
(35, 775, NULL),
(35, 776, NULL),
(35, 777, NULL),
(35, 778, NULL),
(35, 779, NULL),
(35, 794, NULL),
(35, 797, NULL),
(36, 730, NULL),
(36, 731, NULL),
(36, 732, NULL),
(36, 733, NULL),
(36, 734, NULL),
(36, 735, NULL),
(36, 736, NULL),
(36, 737, NULL),
(36, 738, NULL),
(36, 739, NULL),
(36, 740, NULL),
(36, 741, NULL),
(36, 742, NULL),
(36, 743, NULL),
(36, 744, NULL),
(36, 745, NULL),
(36, 746, NULL),
(36, 747, NULL),
(36, 748, NULL),
(36, 749, NULL),
(36, 750, NULL),
(36, 751, NULL),
(36, 752, NULL),
(36, 753, NULL),
(36, 754, NULL),
(36, 755, NULL),
(36, 756, NULL),
(36, 757, NULL),
(36, 758, NULL),
(36, 759, NULL),
(36, 760, NULL),
(36, 761, NULL),
(36, 762, NULL),
(36, 763, NULL),
(36, 764, NULL),
(36, 765, NULL),
(36, 766, NULL),
(36, 767, NULL),
(36, 768, NULL),
(36, 769, NULL),
(36, 770, NULL),
(36, 771, NULL),
(36, 772, NULL),
(36, 773, NULL),
(36, 774, NULL),
(36, 775, NULL),
(36, 776, NULL),
(36, 777, NULL),
(36, 778, NULL),
(36, 779, NULL),
(36, 794, NULL),
(36, 797, NULL),
(37, 730, NULL),
(37, 731, NULL),
(37, 732, NULL),
(37, 733, NULL),
(37, 734, NULL),
(37, 735, NULL),
(37, 736, NULL),
(37, 737, NULL),
(37, 738, NULL),
(37, 739, NULL),
(37, 740, NULL),
(37, 741, NULL),
(37, 742, NULL),
(37, 743, NULL),
(37, 744, NULL),
(37, 745, NULL),
(37, 746, NULL),
(37, 747, NULL),
(37, 748, NULL),
(37, 749, NULL),
(37, 750, NULL),
(37, 751, NULL),
(37, 752, NULL),
(37, 753, NULL),
(37, 754, NULL),
(37, 755, NULL),
(37, 756, NULL),
(37, 757, NULL),
(37, 758, NULL),
(37, 759, NULL),
(37, 760, NULL),
(37, 761, NULL),
(37, 762, NULL),
(37, 763, NULL),
(37, 764, NULL),
(37, 765, NULL),
(37, 766, NULL),
(37, 767, NULL),
(37, 768, NULL),
(37, 769, NULL),
(37, 770, NULL),
(37, 771, NULL),
(37, 772, NULL),
(37, 773, NULL),
(37, 774, NULL),
(37, 775, NULL),
(37, 776, NULL),
(37, 777, NULL),
(37, 778, NULL),
(37, 779, NULL),
(37, 794, NULL),
(37, 797, NULL),
(38, 537, NULL),
(38, 538, NULL),
(38, 548, NULL),
(38, 549, NULL),
(38, 550, NULL),
(38, 551, NULL),
(38, 552, NULL),
(38, 553, NULL),
(38, 560, NULL),
(38, 561, NULL),
(38, 562, NULL),
(38, 564, NULL),
(38, 578, NULL),
(38, 579, NULL),
(38, 580, NULL),
(38, 582, NULL),
(38, 583, NULL),
(38, 584, NULL),
(38, 585, NULL),
(38, 586, NULL),
(38, 587, NULL),
(38, 588, NULL),
(38, 589, NULL),
(38, 590, NULL),
(38, 591, NULL),
(38, 592, NULL),
(38, 593, NULL),
(38, 594, NULL),
(38, 595, NULL),
(38, 596, NULL),
(38, 597, NULL),
(38, 598, NULL),
(38, 599, NULL),
(38, 600, NULL),
(38, 601, NULL),
(38, 602, NULL),
(38, 603, NULL),
(38, 604, NULL),
(38, 605, NULL),
(38, 606, NULL),
(38, 607, NULL),
(38, 608, NULL),
(38, 610, NULL),
(38, 611, NULL),
(38, 657, NULL),
(38, 659, NULL),
(38, 660, NULL),
(38, 661, NULL),
(38, 662, NULL),
(38, 663, NULL),
(38, 664, NULL),
(38, 665, NULL),
(38, 666, NULL),
(38, 667, NULL),
(38, 668, NULL),
(38, 669, NULL),
(38, 670, NULL),
(38, 671, NULL),
(38, 672, NULL),
(38, 673, NULL),
(38, 674, NULL),
(38, 675, NULL),
(38, 676, NULL),
(38, 677, NULL),
(38, 678, NULL),
(38, 679, NULL),
(38, 680, NULL),
(38, 681, NULL),
(38, 682, NULL),
(38, 683, NULL),
(38, 684, NULL),
(38, 685, NULL),
(38, 796, NULL),
(39, 537, NULL),
(39, 538, NULL),
(39, 548, NULL),
(39, 549, NULL),
(39, 550, NULL),
(39, 551, NULL),
(39, 552, NULL),
(39, 553, NULL),
(39, 560, NULL),
(39, 561, NULL),
(39, 562, NULL),
(39, 564, NULL),
(39, 578, NULL),
(39, 579, NULL),
(39, 580, NULL),
(39, 582, NULL),
(39, 583, NULL),
(39, 584, NULL),
(39, 585, NULL),
(39, 586, NULL),
(39, 587, NULL),
(39, 589, NULL),
(39, 590, NULL),
(39, 591, NULL),
(39, 592, NULL),
(39, 593, NULL),
(39, 594, NULL),
(39, 595, NULL),
(39, 596, NULL),
(39, 597, NULL),
(39, 598, NULL),
(39, 599, NULL),
(39, 600, NULL),
(39, 601, NULL),
(39, 602, NULL),
(39, 603, NULL),
(39, 604, NULL),
(39, 605, NULL),
(39, 606, NULL),
(39, 607, NULL),
(39, 608, NULL),
(39, 610, NULL),
(39, 611, NULL),
(39, 657, NULL),
(39, 659, NULL),
(39, 660, NULL),
(39, 661, NULL),
(39, 662, NULL),
(39, 663, NULL),
(39, 664, NULL),
(39, 665, NULL),
(39, 666, NULL),
(39, 667, NULL),
(39, 668, NULL),
(39, 669, NULL),
(39, 670, NULL),
(39, 671, NULL),
(39, 672, NULL),
(39, 673, NULL),
(39, 674, NULL),
(39, 675, NULL),
(39, 676, NULL),
(39, 677, NULL),
(39, 678, NULL),
(39, 679, NULL),
(39, 680, NULL),
(39, 681, NULL),
(39, 682, NULL),
(39, 683, NULL),
(39, 684, NULL),
(39, 685, NULL),
(40, 537, NULL),
(40, 538, NULL),
(40, 548, NULL),
(40, 549, NULL),
(40, 550, NULL),
(40, 551, NULL),
(40, 552, NULL),
(40, 553, NULL),
(40, 560, NULL),
(40, 561, NULL),
(40, 562, NULL),
(40, 564, NULL),
(40, 578, NULL),
(40, 579, NULL),
(40, 580, NULL),
(40, 582, NULL),
(40, 583, NULL),
(40, 584, NULL),
(40, 585, NULL),
(40, 586, NULL),
(40, 587, NULL),
(40, 588, NULL),
(40, 589, NULL),
(40, 590, NULL),
(40, 591, NULL),
(40, 592, NULL),
(40, 593, NULL),
(40, 594, NULL),
(40, 595, NULL),
(40, 596, NULL),
(40, 597, NULL),
(40, 598, NULL),
(40, 599, NULL),
(40, 600, NULL),
(40, 601, NULL),
(40, 602, NULL),
(40, 603, NULL),
(40, 604, NULL),
(40, 605, NULL),
(40, 606, NULL),
(40, 607, NULL),
(40, 608, NULL),
(40, 610, NULL),
(40, 611, NULL),
(40, 657, NULL),
(40, 659, NULL),
(40, 660, NULL),
(40, 661, NULL),
(40, 662, NULL),
(40, 663, NULL),
(40, 664, NULL),
(40, 665, NULL),
(40, 666, NULL),
(40, 667, NULL),
(40, 668, NULL),
(40, 669, NULL),
(40, 670, NULL),
(40, 671, NULL),
(40, 672, NULL),
(40, 673, NULL),
(40, 674, NULL),
(40, 675, NULL),
(40, 676, NULL),
(40, 677, NULL),
(40, 678, NULL),
(40, 679, NULL),
(40, 680, NULL),
(40, 681, NULL),
(40, 682, NULL),
(40, 683, NULL),
(40, 684, NULL),
(40, 685, NULL),
(40, 796, NULL),
(41, 537, NULL),
(41, 538, NULL),
(41, 548, NULL),
(41, 549, NULL),
(41, 550, NULL),
(41, 551, NULL),
(41, 552, NULL),
(41, 553, NULL),
(41, 560, NULL),
(41, 561, NULL),
(41, 562, NULL),
(41, 564, NULL),
(41, 578, NULL),
(41, 579, NULL),
(41, 580, NULL),
(41, 582, NULL),
(41, 583, NULL),
(41, 584, NULL),
(41, 585, NULL),
(41, 586, NULL),
(41, 587, NULL),
(41, 588, NULL),
(41, 589, NULL),
(41, 590, NULL),
(41, 591, NULL),
(41, 592, NULL),
(41, 593, NULL),
(41, 594, NULL),
(41, 595, NULL),
(41, 596, NULL),
(41, 597, NULL),
(41, 598, NULL),
(41, 599, NULL),
(41, 600, NULL),
(41, 601, NULL),
(41, 602, NULL),
(41, 603, NULL),
(41, 604, NULL),
(41, 605, NULL),
(41, 606, NULL),
(41, 607, NULL),
(41, 608, NULL),
(41, 610, NULL),
(41, 611, NULL),
(41, 657, NULL),
(41, 659, NULL),
(41, 660, NULL),
(41, 661, NULL),
(41, 662, NULL),
(41, 663, NULL),
(41, 664, NULL),
(41, 665, NULL),
(41, 666, NULL),
(41, 667, NULL),
(41, 668, NULL),
(41, 669, NULL),
(41, 670, NULL),
(41, 671, NULL),
(41, 672, NULL),
(41, 673, NULL),
(41, 674, NULL),
(41, 675, NULL),
(41, 676, NULL),
(41, 677, NULL),
(41, 678, NULL),
(41, 679, NULL),
(41, 680, NULL),
(41, 681, NULL),
(41, 682, NULL),
(41, 683, NULL),
(41, 684, NULL),
(41, 685, NULL),
(41, 796, NULL),
(42, 537, NULL),
(42, 538, NULL),
(42, 548, NULL),
(42, 549, NULL),
(42, 550, NULL),
(42, 551, NULL),
(42, 552, NULL),
(42, 553, NULL),
(42, 560, NULL),
(42, 561, NULL),
(42, 562, NULL),
(42, 564, NULL),
(42, 578, NULL),
(42, 579, NULL),
(42, 580, NULL),
(42, 582, NULL),
(42, 583, NULL),
(42, 584, NULL),
(42, 585, NULL),
(42, 586, NULL),
(42, 587, NULL),
(42, 588, NULL),
(42, 589, NULL),
(42, 590, NULL),
(42, 591, NULL),
(42, 592, NULL),
(42, 593, NULL),
(42, 594, NULL),
(42, 595, NULL),
(42, 596, NULL),
(42, 597, NULL),
(42, 598, NULL),
(42, 599, NULL),
(42, 600, NULL),
(42, 601, NULL),
(42, 602, NULL),
(42, 603, NULL),
(42, 604, NULL),
(42, 605, NULL),
(42, 606, NULL),
(42, 607, NULL),
(42, 608, NULL),
(42, 610, NULL),
(42, 611, NULL),
(42, 657, NULL),
(42, 659, NULL),
(42, 660, NULL),
(42, 661, NULL),
(42, 662, NULL),
(42, 663, NULL),
(42, 664, NULL),
(42, 665, NULL),
(42, 666, NULL),
(42, 667, NULL),
(42, 668, NULL),
(42, 669, NULL),
(42, 670, NULL),
(42, 671, NULL),
(42, 672, NULL),
(42, 673, NULL),
(42, 674, NULL),
(42, 675, NULL),
(42, 676, NULL),
(42, 677, NULL),
(42, 678, NULL),
(42, 679, NULL),
(42, 680, NULL),
(42, 681, NULL),
(42, 682, NULL),
(42, 683, NULL),
(42, 684, NULL),
(42, 685, NULL),
(42, 796, NULL),
(43, 537, NULL),
(43, 538, NULL),
(43, 548, NULL),
(43, 549, NULL),
(43, 550, NULL),
(43, 551, NULL),
(43, 552, NULL),
(43, 553, NULL),
(43, 560, NULL),
(43, 561, NULL),
(43, 562, NULL),
(43, 564, NULL),
(43, 578, NULL),
(43, 579, NULL),
(43, 580, NULL),
(43, 582, NULL),
(43, 583, NULL),
(43, 584, NULL),
(43, 585, NULL),
(43, 586, NULL),
(43, 587, NULL),
(43, 588, NULL),
(43, 589, NULL),
(43, 590, NULL),
(43, 591, NULL),
(43, 592, NULL),
(43, 593, NULL),
(43, 594, NULL),
(43, 595, NULL),
(43, 596, NULL),
(43, 597, NULL),
(43, 598, NULL),
(43, 599, NULL),
(43, 600, NULL),
(43, 601, NULL),
(43, 602, NULL),
(43, 603, NULL),
(43, 604, NULL),
(43, 605, NULL),
(43, 606, NULL),
(43, 607, NULL),
(43, 608, NULL),
(43, 610, NULL),
(43, 611, NULL),
(43, 657, NULL),
(43, 659, NULL),
(43, 660, NULL),
(43, 661, NULL);
INSERT INTO `class_student` (`class_id`, `student_id`, `percentage_grade`) VALUES
(43, 662, NULL),
(43, 663, NULL),
(43, 664, NULL),
(43, 665, NULL),
(43, 666, NULL),
(43, 667, NULL),
(43, 668, NULL),
(43, 669, NULL),
(43, 670, NULL),
(43, 671, NULL),
(43, 672, NULL),
(43, 673, NULL),
(43, 674, NULL),
(43, 675, NULL),
(43, 676, NULL),
(43, 677, NULL),
(43, 678, NULL),
(43, 679, NULL),
(43, 680, NULL),
(43, 681, NULL),
(43, 682, NULL),
(43, 683, NULL),
(43, 684, NULL),
(43, 685, NULL),
(43, 796, NULL),
(44, 537, NULL),
(44, 538, NULL),
(44, 548, NULL),
(44, 549, NULL),
(44, 550, NULL),
(44, 551, NULL),
(44, 552, NULL),
(44, 553, NULL),
(44, 560, NULL),
(44, 561, NULL),
(44, 562, NULL),
(44, 564, NULL),
(44, 578, NULL),
(44, 579, NULL),
(44, 580, NULL),
(44, 582, NULL),
(44, 583, NULL),
(44, 584, NULL),
(44, 585, NULL),
(44, 586, NULL),
(44, 587, NULL),
(44, 588, NULL),
(44, 589, NULL),
(44, 590, NULL),
(44, 591, NULL),
(44, 592, NULL),
(44, 593, NULL),
(44, 594, NULL),
(44, 595, NULL),
(44, 596, NULL),
(44, 597, NULL),
(44, 598, NULL),
(44, 599, NULL),
(44, 600, NULL),
(44, 601, NULL),
(44, 602, NULL),
(44, 603, NULL),
(44, 604, NULL),
(44, 605, NULL),
(44, 606, NULL),
(44, 607, NULL),
(44, 608, NULL),
(44, 610, NULL),
(44, 611, NULL),
(44, 657, NULL),
(44, 659, NULL),
(44, 660, NULL),
(44, 661, NULL),
(44, 662, NULL),
(44, 663, NULL),
(44, 664, NULL),
(44, 665, NULL),
(44, 666, NULL),
(44, 667, NULL),
(44, 668, NULL),
(44, 669, NULL),
(44, 670, NULL),
(44, 671, NULL),
(44, 672, NULL),
(44, 673, NULL),
(44, 674, NULL),
(44, 675, NULL),
(44, 676, NULL),
(44, 677, NULL),
(44, 678, NULL),
(44, 679, NULL),
(44, 680, NULL),
(44, 681, NULL),
(44, 682, NULL),
(44, 683, NULL),
(44, 684, NULL),
(44, 685, NULL),
(44, 796, NULL),
(45, 578, NULL),
(45, 579, NULL),
(45, 580, NULL),
(45, 582, NULL),
(45, 583, NULL),
(45, 584, NULL),
(45, 585, NULL),
(45, 586, NULL),
(45, 587, NULL),
(45, 588, NULL),
(45, 589, NULL),
(45, 590, NULL),
(45, 591, NULL),
(45, 592, NULL),
(45, 593, NULL),
(45, 594, NULL),
(45, 595, NULL),
(45, 596, NULL),
(45, 597, NULL),
(45, 598, NULL),
(45, 599, NULL),
(45, 600, NULL),
(45, 601, NULL),
(45, 602, NULL),
(45, 603, NULL),
(45, 604, NULL),
(45, 605, NULL),
(45, 606, NULL),
(45, 607, NULL),
(45, 608, NULL),
(45, 610, NULL),
(45, 611, NULL),
(45, 652, NULL),
(45, 653, NULL),
(45, 657, NULL),
(45, 658, NULL),
(45, 659, NULL),
(45, 660, NULL),
(45, 661, NULL),
(45, 662, NULL),
(45, 663, NULL),
(45, 664, NULL),
(45, 665, NULL),
(45, 666, NULL),
(45, 667, NULL),
(45, 668, NULL),
(45, 669, NULL),
(45, 670, NULL),
(45, 671, NULL),
(45, 672, NULL),
(45, 673, NULL),
(45, 674, NULL),
(45, 675, NULL),
(45, 676, NULL),
(45, 677, NULL),
(45, 678, NULL),
(45, 679, NULL),
(45, 680, NULL),
(45, 681, NULL),
(45, 682, NULL),
(45, 683, NULL),
(45, 684, NULL),
(45, 685, NULL),
(45, 816, NULL),
(45, 817, NULL),
(45, 819, NULL),
(45, 821, NULL),
(45, 822, NULL),
(45, 824, NULL),
(45, 826, NULL),
(45, 827, NULL),
(45, 828, NULL),
(45, 829, NULL),
(45, 830, NULL),
(45, 831, NULL),
(45, 832, NULL),
(45, 834, NULL),
(45, 835, NULL),
(45, 837, NULL),
(45, 838, NULL),
(45, 840, NULL),
(45, 841, NULL),
(45, 842, NULL),
(45, 843, NULL),
(45, 845, NULL),
(45, 847, NULL),
(45, 849, NULL),
(45, 850, NULL),
(45, 851, NULL),
(45, 852, NULL),
(45, 853, NULL),
(45, 855, NULL),
(45, 858, NULL),
(45, 859, NULL),
(45, 860, NULL),
(45, 862, NULL),
(45, 915, NULL),
(46, 816, NULL),
(46, 817, NULL),
(46, 818, NULL),
(46, 819, NULL),
(46, 820, NULL),
(46, 821, NULL),
(46, 822, NULL),
(46, 824, NULL),
(46, 826, NULL),
(46, 827, NULL),
(46, 828, NULL),
(46, 829, NULL),
(46, 830, NULL),
(46, 831, NULL),
(46, 832, NULL),
(46, 833, NULL),
(46, 834, NULL),
(46, 835, NULL),
(46, 837, NULL),
(46, 838, NULL),
(46, 839, NULL),
(46, 840, NULL),
(46, 841, NULL),
(46, 842, NULL),
(46, 843, NULL),
(46, 844, NULL),
(46, 845, NULL),
(46, 846, NULL),
(46, 847, NULL),
(46, 848, NULL),
(46, 849, NULL),
(46, 850, NULL),
(46, 851, NULL),
(46, 852, NULL),
(46, 853, NULL),
(46, 854, NULL),
(46, 855, NULL),
(46, 858, NULL),
(46, 859, NULL),
(46, 860, NULL),
(46, 861, NULL),
(46, 862, NULL),
(46, 915, NULL),
(47, 816, NULL),
(47, 817, NULL),
(47, 818, NULL),
(47, 819, NULL),
(47, 820, NULL),
(47, 821, NULL),
(47, 822, NULL),
(47, 824, NULL),
(47, 826, NULL),
(47, 827, NULL),
(47, 828, NULL),
(47, 829, NULL),
(47, 830, NULL),
(47, 831, NULL),
(47, 832, NULL),
(47, 833, NULL),
(47, 834, NULL),
(47, 835, NULL),
(47, 837, NULL),
(47, 838, NULL),
(47, 839, NULL),
(47, 840, NULL),
(47, 841, NULL),
(47, 842, NULL),
(47, 843, NULL),
(47, 844, NULL),
(47, 845, NULL),
(47, 846, NULL),
(47, 847, NULL),
(47, 848, NULL),
(47, 849, NULL),
(47, 850, NULL),
(47, 851, NULL),
(47, 852, NULL),
(47, 853, NULL),
(47, 854, NULL),
(47, 855, NULL),
(47, 858, NULL),
(47, 859, NULL),
(47, 860, NULL),
(47, 861, NULL),
(47, 862, NULL),
(47, 915, NULL),
(48, 816, NULL),
(48, 817, NULL),
(48, 819, NULL),
(48, 821, NULL),
(48, 822, NULL),
(48, 824, NULL),
(48, 826, NULL),
(48, 827, NULL),
(48, 828, NULL),
(48, 829, NULL),
(48, 830, NULL),
(48, 831, NULL),
(48, 832, NULL),
(48, 834, NULL),
(48, 835, NULL),
(48, 838, NULL),
(48, 840, NULL),
(48, 841, NULL),
(48, 842, NULL),
(48, 843, NULL),
(48, 845, NULL),
(48, 847, NULL),
(48, 849, NULL),
(48, 850, NULL),
(48, 852, NULL),
(48, 853, NULL),
(48, 855, NULL),
(48, 858, NULL),
(48, 859, NULL),
(48, 860, NULL),
(48, 862, NULL),
(48, 915, NULL),
(49, 632, NULL),
(49, 700, NULL),
(49, 816, NULL),
(49, 817, NULL),
(49, 819, NULL),
(49, 820, NULL),
(49, 821, NULL),
(49, 822, NULL),
(49, 824, NULL),
(49, 826, NULL),
(49, 827, NULL),
(49, 828, NULL),
(49, 829, NULL),
(49, 830, NULL),
(49, 831, NULL),
(49, 832, NULL),
(49, 833, NULL),
(49, 834, NULL),
(49, 835, NULL),
(49, 837, NULL),
(49, 838, NULL),
(49, 839, NULL),
(49, 840, NULL),
(49, 841, NULL),
(49, 842, NULL),
(49, 843, NULL),
(49, 844, NULL),
(49, 845, NULL),
(49, 846, NULL),
(49, 847, NULL),
(49, 848, NULL),
(49, 849, NULL),
(49, 850, NULL),
(49, 851, NULL),
(49, 852, NULL),
(49, 853, NULL),
(49, 854, NULL),
(49, 855, NULL),
(49, 858, NULL),
(49, 859, NULL),
(49, 860, NULL),
(49, 861, NULL),
(49, 862, NULL),
(49, 915, NULL),
(50, 737, NULL),
(50, 761, NULL),
(50, 794, NULL),
(50, 816, NULL),
(50, 817, NULL),
(50, 819, NULL),
(50, 820, NULL),
(50, 821, NULL),
(50, 822, NULL),
(50, 824, NULL),
(50, 826, NULL),
(50, 827, NULL),
(50, 828, NULL),
(50, 829, NULL),
(50, 830, NULL),
(50, 831, NULL),
(50, 832, NULL),
(50, 833, NULL),
(50, 834, NULL),
(50, 835, NULL),
(50, 837, NULL),
(50, 838, NULL),
(50, 839, NULL),
(50, 840, NULL),
(50, 841, NULL),
(50, 842, NULL),
(50, 843, NULL),
(50, 844, NULL),
(50, 845, NULL),
(50, 846, NULL),
(50, 847, NULL),
(50, 848, NULL),
(50, 849, NULL),
(50, 850, NULL),
(50, 851, NULL),
(50, 852, NULL),
(50, 853, NULL),
(50, 854, NULL),
(50, 855, NULL),
(50, 858, NULL),
(50, 859, NULL),
(50, 860, NULL),
(50, 861, NULL),
(50, 862, NULL),
(50, 915, NULL),
(51, 737, NULL),
(51, 761, NULL),
(51, 794, NULL),
(51, 816, NULL),
(51, 817, NULL),
(51, 819, NULL),
(51, 820, NULL),
(51, 821, NULL),
(51, 822, NULL),
(51, 824, NULL),
(51, 826, NULL),
(51, 827, NULL),
(51, 828, NULL),
(51, 829, NULL),
(51, 830, NULL),
(51, 831, NULL),
(51, 832, NULL),
(51, 833, NULL),
(51, 834, NULL),
(51, 835, NULL),
(51, 837, NULL),
(51, 838, NULL),
(51, 839, NULL),
(51, 840, NULL),
(51, 841, NULL),
(51, 842, NULL),
(51, 843, NULL),
(51, 844, NULL),
(51, 845, NULL),
(51, 846, NULL),
(51, 847, NULL),
(51, 848, NULL),
(51, 849, NULL),
(51, 850, NULL),
(51, 851, NULL),
(51, 852, NULL),
(51, 853, NULL),
(51, 854, NULL),
(51, 855, NULL),
(51, 858, NULL),
(51, 859, NULL),
(51, 860, NULL),
(51, 861, NULL),
(51, 862, NULL),
(51, 915, NULL),
(52, 816, NULL),
(52, 817, NULL),
(52, 819, NULL),
(52, 820, NULL),
(52, 821, NULL),
(52, 822, NULL),
(52, 824, NULL),
(52, 826, NULL),
(52, 827, NULL),
(52, 828, NULL),
(52, 829, NULL),
(52, 830, NULL),
(52, 831, NULL),
(52, 832, NULL),
(52, 833, NULL),
(52, 834, NULL),
(52, 835, NULL),
(52, 837, NULL),
(52, 838, NULL),
(52, 839, NULL),
(52, 840, NULL),
(52, 841, NULL),
(52, 842, NULL),
(52, 843, NULL),
(52, 844, NULL),
(52, 845, NULL),
(52, 846, NULL),
(52, 847, NULL),
(52, 848, NULL),
(52, 849, NULL),
(52, 850, NULL),
(52, 851, NULL),
(52, 852, NULL),
(52, 853, NULL),
(52, 854, NULL),
(52, 855, NULL),
(52, 858, NULL),
(52, 859, NULL),
(52, 860, NULL),
(52, 861, NULL),
(52, 862, NULL),
(52, 915, NULL),
(53, 816, NULL),
(53, 817, NULL),
(53, 819, NULL),
(53, 820, NULL),
(53, 821, NULL),
(53, 822, NULL),
(53, 824, NULL),
(53, 826, NULL),
(53, 827, NULL),
(53, 828, NULL),
(53, 829, NULL),
(53, 830, NULL),
(53, 831, NULL),
(53, 832, NULL),
(53, 833, NULL),
(53, 834, NULL),
(53, 835, NULL),
(53, 837, NULL),
(53, 838, NULL),
(53, 839, NULL),
(53, 840, NULL),
(53, 841, NULL),
(53, 842, NULL),
(53, 843, NULL),
(53, 844, NULL),
(53, 845, NULL),
(53, 846, NULL),
(53, 847, NULL),
(53, 848, NULL),
(53, 849, NULL),
(53, 850, NULL),
(53, 851, NULL),
(53, 852, NULL),
(53, 853, NULL),
(53, 854, NULL),
(53, 855, NULL),
(53, 858, NULL),
(53, 859, NULL),
(53, 860, NULL),
(53, 861, NULL),
(53, 862, NULL),
(53, 915, NULL),
(54, 816, NULL),
(54, 817, NULL),
(54, 818, NULL),
(54, 819, NULL),
(54, 820, NULL),
(54, 821, NULL),
(54, 822, NULL),
(54, 824, NULL),
(54, 826, NULL),
(54, 827, NULL),
(54, 828, NULL),
(54, 829, NULL),
(54, 830, NULL),
(54, 831, NULL),
(54, 832, NULL),
(54, 833, NULL),
(54, 834, NULL),
(54, 835, NULL),
(54, 837, NULL),
(54, 838, NULL),
(54, 839, NULL),
(54, 840, NULL),
(54, 841, NULL),
(54, 842, NULL),
(54, 843, NULL),
(54, 844, NULL),
(54, 845, NULL),
(54, 846, NULL),
(54, 847, NULL),
(54, 848, NULL),
(54, 849, NULL),
(54, 850, NULL),
(54, 851, NULL),
(54, 852, NULL),
(54, 853, NULL),
(54, 854, NULL),
(54, 855, NULL),
(54, 858, NULL),
(54, 859, NULL),
(54, 860, NULL),
(54, 861, NULL),
(54, 862, NULL),
(54, 915, NULL),
(55, 537, NULL),
(55, 538, NULL),
(55, 548, NULL),
(55, 549, NULL),
(55, 550, NULL),
(55, 551, NULL),
(55, 552, NULL),
(55, 553, NULL),
(55, 560, NULL),
(55, 561, NULL),
(55, 562, NULL),
(55, 564, NULL),
(55, 578, NULL),
(55, 579, NULL),
(55, 582, NULL),
(55, 583, NULL),
(55, 584, NULL),
(55, 585, NULL),
(55, 586, NULL),
(55, 587, NULL),
(55, 588, NULL),
(55, 589, NULL),
(55, 590, NULL),
(55, 591, NULL),
(55, 592, NULL),
(55, 593, NULL),
(55, 594, NULL),
(55, 595, NULL),
(55, 596, NULL),
(55, 597, NULL),
(55, 598, NULL),
(55, 599, NULL),
(55, 600, NULL),
(55, 601, NULL),
(55, 602, NULL),
(55, 603, NULL),
(55, 604, NULL),
(55, 605, NULL),
(55, 606, NULL),
(55, 607, NULL),
(55, 608, NULL),
(55, 610, NULL),
(55, 611, NULL),
(55, 657, NULL),
(55, 659, NULL),
(55, 660, NULL),
(55, 661, NULL),
(55, 662, NULL),
(55, 663, NULL),
(55, 664, NULL),
(55, 665, NULL),
(55, 666, NULL),
(55, 667, NULL),
(55, 668, NULL),
(55, 669, NULL),
(55, 670, NULL),
(55, 671, NULL),
(55, 672, NULL),
(55, 673, NULL),
(55, 674, NULL),
(55, 675, NULL),
(55, 676, NULL),
(55, 677, NULL),
(55, 678, NULL),
(55, 679, NULL),
(55, 680, NULL),
(55, 681, NULL),
(55, 682, NULL),
(55, 683, NULL),
(55, 684, NULL),
(55, 685, NULL),
(55, 796, NULL),
(55, 816, NULL),
(55, 817, NULL),
(55, 819, NULL),
(55, 820, NULL),
(55, 821, NULL),
(55, 822, NULL),
(55, 824, NULL),
(55, 826, NULL),
(55, 827, NULL),
(55, 828, NULL),
(55, 829, NULL),
(55, 830, NULL),
(55, 831, NULL),
(55, 832, NULL),
(55, 833, NULL),
(55, 834, NULL),
(55, 835, NULL),
(55, 837, NULL),
(55, 838, NULL),
(55, 839, NULL),
(55, 840, NULL),
(55, 841, NULL),
(55, 842, NULL),
(55, 843, NULL),
(55, 844, NULL),
(55, 845, NULL),
(55, 846, NULL),
(55, 847, NULL),
(55, 848, NULL),
(55, 849, NULL),
(55, 850, NULL),
(55, 851, NULL),
(55, 852, NULL),
(55, 853, NULL),
(55, 854, NULL),
(55, 855, NULL),
(55, 858, NULL),
(55, 859, NULL),
(55, 860, NULL),
(55, 861, NULL),
(55, 862, NULL),
(55, 915, NULL),
(56, 801, NULL),
(56, 802, NULL),
(56, 803, NULL),
(56, 804, NULL),
(56, 805, NULL),
(56, 806, NULL),
(56, 807, NULL),
(56, 808, NULL),
(56, 809, NULL),
(56, 810, NULL),
(56, 811, NULL),
(56, 812, NULL),
(56, 813, NULL),
(56, 814, NULL),
(56, 815, NULL),
(56, 863, NULL),
(56, 864, NULL),
(56, 865, NULL),
(56, 873, NULL),
(56, 874, NULL),
(56, 875, NULL),
(56, 876, NULL),
(56, 877, NULL),
(56, 878, NULL),
(56, 879, NULL),
(56, 880, NULL),
(56, 881, NULL),
(56, 884, NULL),
(56, 886, NULL),
(56, 887, NULL),
(56, 888, NULL),
(56, 890, NULL),
(56, 891, NULL),
(56, 892, NULL),
(56, 894, NULL),
(56, 897, NULL),
(56, 899, NULL),
(56, 900, NULL),
(56, 902, NULL),
(56, 903, NULL),
(56, 904, NULL),
(56, 965, NULL),
(57, 801, NULL),
(57, 802, NULL),
(57, 803, NULL),
(57, 804, NULL),
(57, 805, NULL),
(57, 806, NULL),
(57, 807, NULL),
(57, 808, NULL),
(57, 809, NULL),
(57, 810, NULL),
(57, 811, NULL),
(57, 812, NULL),
(57, 813, NULL),
(57, 814, NULL),
(57, 815, NULL),
(57, 863, NULL),
(57, 864, NULL),
(57, 865, NULL),
(57, 873, NULL),
(57, 874, NULL),
(57, 875, NULL),
(57, 876, NULL),
(57, 877, NULL),
(57, 878, NULL),
(57, 879, NULL),
(57, 880, NULL),
(57, 881, NULL),
(57, 884, NULL),
(57, 886, NULL),
(57, 887, NULL),
(57, 888, NULL),
(57, 890, NULL),
(57, 891, NULL),
(57, 892, NULL),
(57, 893, NULL),
(57, 894, NULL),
(57, 897, NULL),
(57, 899, NULL),
(57, 900, NULL),
(57, 902, NULL),
(57, 903, NULL),
(57, 904, NULL),
(57, 918, NULL),
(57, 965, NULL),
(58, 801, NULL),
(58, 802, NULL),
(58, 803, NULL),
(58, 804, NULL),
(58, 805, NULL),
(58, 806, NULL),
(58, 807, NULL),
(58, 808, NULL),
(58, 809, NULL),
(58, 810, NULL),
(58, 811, NULL),
(58, 812, NULL),
(58, 813, NULL),
(58, 814, NULL),
(58, 815, NULL),
(58, 863, NULL),
(58, 864, NULL),
(58, 865, NULL),
(58, 873, NULL),
(58, 874, NULL),
(58, 875, NULL),
(58, 876, NULL),
(58, 877, NULL),
(58, 878, NULL),
(58, 879, NULL),
(58, 880, NULL),
(58, 881, NULL),
(58, 884, NULL),
(58, 886, NULL),
(58, 887, NULL),
(58, 888, NULL),
(58, 890, NULL),
(58, 891, NULL),
(58, 892, NULL),
(58, 893, NULL),
(58, 894, NULL),
(58, 897, NULL),
(58, 899, NULL),
(58, 900, NULL),
(58, 902, NULL),
(58, 903, NULL),
(58, 904, NULL),
(58, 965, NULL),
(59, 801, NULL),
(59, 802, NULL),
(59, 803, NULL),
(59, 804, NULL),
(59, 805, NULL),
(59, 806, NULL),
(59, 807, NULL),
(59, 808, NULL),
(59, 809, NULL),
(59, 810, NULL),
(59, 811, NULL),
(59, 812, NULL),
(59, 813, NULL),
(59, 814, NULL),
(59, 815, NULL),
(59, 863, NULL),
(59, 864, NULL),
(59, 865, NULL),
(59, 873, NULL),
(59, 874, NULL),
(59, 875, NULL),
(59, 876, NULL),
(59, 877, NULL),
(59, 878, NULL),
(59, 879, NULL),
(59, 880, NULL),
(59, 881, NULL),
(59, 884, NULL),
(59, 886, NULL),
(59, 887, NULL),
(59, 888, NULL),
(59, 890, NULL),
(59, 891, NULL),
(59, 892, NULL),
(59, 893, NULL),
(59, 894, NULL),
(59, 897, NULL),
(59, 899, NULL),
(59, 900, NULL),
(59, 902, NULL),
(59, 903, NULL),
(59, 904, NULL),
(59, 965, NULL),
(60, 863, NULL),
(60, 864, NULL),
(60, 865, NULL),
(60, 873, NULL),
(60, 874, NULL),
(60, 875, NULL),
(60, 876, NULL),
(60, 877, NULL),
(60, 878, NULL),
(60, 879, NULL),
(60, 880, NULL),
(60, 881, NULL),
(60, 884, NULL),
(60, 886, NULL),
(60, 887, NULL),
(60, 888, NULL),
(60, 890, NULL),
(60, 891, NULL),
(60, 892, NULL),
(60, 893, NULL),
(60, 894, NULL),
(60, 897, NULL),
(60, 899, NULL),
(60, 900, NULL),
(60, 902, NULL),
(60, 903, NULL),
(60, 965, NULL),
(61, 863, NULL),
(61, 864, NULL),
(61, 865, NULL),
(61, 873, NULL),
(61, 874, NULL),
(61, 875, NULL),
(61, 876, NULL),
(61, 877, NULL),
(61, 878, NULL),
(61, 879, NULL),
(61, 880, NULL),
(61, 881, NULL),
(61, 884, NULL),
(61, 886, NULL),
(61, 887, NULL),
(61, 888, NULL),
(61, 890, NULL),
(61, 891, NULL),
(61, 892, NULL),
(61, 893, NULL),
(61, 894, NULL),
(61, 897, NULL),
(61, 899, NULL),
(61, 900, NULL),
(61, 902, NULL),
(61, 903, NULL),
(61, 904, NULL),
(61, 965, NULL),
(62, 863, NULL),
(62, 864, NULL),
(62, 865, NULL),
(62, 873, NULL),
(62, 874, NULL),
(62, 875, NULL),
(62, 876, NULL),
(62, 877, NULL),
(62, 878, NULL),
(62, 879, NULL),
(62, 880, NULL),
(62, 881, NULL),
(62, 884, NULL),
(62, 886, NULL),
(62, 887, NULL),
(62, 888, NULL),
(62, 890, NULL),
(62, 891, NULL),
(62, 892, NULL),
(62, 893, NULL),
(62, 894, NULL),
(62, 897, NULL),
(62, 899, NULL),
(62, 900, NULL),
(62, 902, NULL),
(62, 903, NULL),
(62, 904, NULL),
(62, 965, NULL),
(63, 863, NULL),
(63, 864, NULL),
(63, 865, NULL),
(63, 873, NULL),
(63, 874, NULL),
(63, 875, NULL),
(63, 876, NULL),
(63, 877, NULL),
(63, 878, NULL),
(63, 879, NULL),
(63, 880, NULL),
(63, 881, NULL),
(63, 884, NULL),
(63, 886, NULL),
(63, 887, NULL),
(63, 888, NULL),
(63, 890, NULL),
(63, 891, NULL),
(63, 892, NULL),
(63, 893, NULL),
(63, 894, NULL),
(63, 897, NULL),
(63, 899, NULL),
(63, 900, NULL),
(63, 902, NULL),
(63, 903, NULL),
(63, 904, NULL),
(63, 965, NULL),
(64, 863, NULL),
(64, 864, NULL),
(64, 865, NULL),
(64, 873, NULL),
(64, 874, NULL),
(64, 875, NULL),
(64, 876, NULL),
(64, 877, NULL),
(64, 878, NULL),
(64, 879, NULL),
(64, 880, NULL),
(64, 881, NULL),
(64, 884, NULL),
(64, 886, NULL),
(64, 887, NULL),
(64, 888, NULL),
(64, 890, NULL),
(64, 891, NULL),
(64, 892, NULL),
(64, 893, NULL),
(64, 894, NULL),
(64, 897, NULL),
(64, 899, NULL),
(64, 900, NULL),
(64, 902, NULL),
(64, 903, NULL),
(64, 904, NULL),
(64, 965, NULL),
(65, 863, NULL),
(65, 864, NULL),
(65, 865, NULL),
(65, 873, NULL),
(65, 874, NULL),
(65, 875, NULL),
(65, 876, NULL),
(65, 877, NULL),
(65, 878, NULL),
(65, 879, NULL),
(65, 880, NULL),
(65, 881, NULL),
(65, 884, NULL),
(65, 886, NULL),
(65, 887, NULL),
(65, 888, NULL),
(65, 890, NULL),
(65, 891, NULL),
(65, 892, NULL),
(65, 893, NULL),
(65, 894, NULL),
(65, 897, NULL),
(65, 899, NULL),
(65, 900, NULL),
(65, 902, NULL),
(65, 903, NULL),
(65, 904, NULL),
(65, 965, NULL),
(66, 863, NULL),
(66, 864, NULL),
(66, 865, NULL),
(66, 873, NULL),
(66, 874, NULL),
(66, 875, NULL),
(66, 876, NULL),
(66, 877, NULL),
(66, 878, NULL),
(66, 879, NULL),
(66, 880, NULL),
(66, 881, NULL),
(66, 884, NULL),
(66, 886, NULL),
(66, 887, NULL),
(66, 888, NULL),
(66, 890, NULL),
(66, 891, NULL),
(66, 892, NULL),
(66, 893, NULL),
(66, 894, NULL),
(66, 897, NULL),
(66, 899, NULL),
(66, 900, NULL),
(66, 902, NULL),
(66, 903, NULL),
(66, 904, NULL),
(66, 965, NULL),
(67, 906, NULL),
(67, 907, NULL),
(67, 910, NULL),
(67, 914, NULL),
(67, 916, NULL),
(67, 918, NULL),
(67, 922, NULL),
(67, 924, NULL),
(67, 926, NULL),
(67, 928, NULL),
(67, 931, NULL),
(67, 932, NULL),
(67, 936, NULL),
(67, 940, NULL),
(67, 941, NULL),
(67, 943, NULL),
(67, 944, NULL),
(67, 945, NULL),
(67, 946, NULL),
(67, 947, NULL),
(67, 948, NULL),
(67, 949, NULL),
(67, 950, NULL),
(67, 953, NULL),
(67, 954, NULL),
(67, 955, NULL),
(67, 957, NULL),
(67, 959, NULL),
(67, 967, NULL),
(67, 968, NULL),
(68, 544, NULL),
(68, 547, NULL),
(68, 612, NULL),
(68, 906, NULL),
(68, 907, NULL),
(68, 908, NULL),
(68, 910, NULL),
(68, 911, NULL),
(68, 914, NULL),
(68, 916, NULL),
(68, 918, NULL),
(68, 921, NULL),
(68, 922, NULL),
(68, 924, NULL),
(68, 926, NULL),
(68, 928, NULL),
(68, 929, NULL),
(68, 931, NULL),
(68, 932, NULL),
(68, 933, NULL),
(68, 936, NULL),
(68, 939, NULL),
(68, 940, NULL),
(68, 941, NULL),
(68, 942, NULL),
(68, 943, NULL),
(68, 944, NULL),
(68, 945, NULL),
(68, 946, NULL),
(68, 947, NULL),
(68, 948, NULL),
(68, 949, NULL),
(68, 950, NULL),
(68, 952, NULL),
(68, 953, NULL),
(68, 954, NULL),
(68, 955, NULL),
(68, 956, NULL),
(68, 957, NULL),
(68, 958, NULL),
(68, 959, NULL),
(68, 960, NULL),
(68, 961, NULL),
(68, 962, NULL),
(68, 963, NULL),
(68, 964, NULL),
(68, 966, NULL),
(68, 967, NULL),
(68, 968, NULL),
(68, 969, NULL),
(69, 906, NULL),
(69, 910, NULL),
(69, 914, NULL),
(69, 916, NULL),
(69, 918, NULL),
(69, 924, NULL),
(69, 926, NULL),
(69, 928, NULL),
(69, 929, NULL),
(69, 931, NULL),
(69, 932, NULL),
(69, 933, NULL),
(69, 936, NULL),
(69, 939, NULL),
(69, 941, NULL),
(69, 942, NULL),
(69, 943, NULL),
(69, 944, NULL),
(69, 945, NULL),
(69, 946, NULL),
(69, 947, NULL),
(69, 948, NULL),
(69, 950, NULL),
(69, 952, NULL),
(69, 953, NULL),
(69, 954, NULL),
(69, 955, NULL),
(69, 956, NULL),
(69, 957, NULL),
(69, 958, NULL),
(69, 960, NULL),
(69, 966, NULL),
(69, 967, NULL),
(70, 906, NULL),
(70, 907, NULL),
(70, 908, NULL),
(70, 910, NULL),
(70, 911, NULL),
(70, 914, NULL),
(70, 916, NULL),
(70, 918, NULL),
(70, 921, NULL),
(70, 922, NULL),
(70, 924, NULL),
(70, 926, NULL),
(70, 928, NULL),
(70, 929, NULL),
(70, 931, NULL),
(70, 932, NULL),
(70, 933, NULL),
(70, 936, NULL),
(70, 939, NULL),
(70, 940, NULL),
(70, 941, NULL),
(70, 942, NULL),
(70, 943, NULL),
(70, 944, NULL),
(70, 945, NULL),
(70, 946, NULL),
(70, 947, NULL),
(70, 948, NULL),
(70, 949, NULL),
(70, 950, NULL),
(70, 952, NULL),
(70, 953, NULL),
(70, 954, NULL),
(70, 955, NULL),
(70, 956, NULL),
(70, 957, NULL),
(70, 958, NULL),
(70, 959, NULL),
(70, 960, NULL),
(70, 961, NULL),
(70, 962, NULL),
(70, 963, NULL),
(70, 964, NULL),
(70, 966, NULL),
(70, 967, NULL),
(70, 968, NULL),
(70, 969, NULL),
(71, 907, NULL),
(71, 924, NULL),
(71, 944, NULL),
(71, 950, NULL),
(71, 956, NULL),
(72, 906, NULL),
(72, 907, NULL),
(72, 908, NULL),
(72, 910, NULL),
(72, 911, NULL),
(72, 914, NULL),
(72, 916, NULL),
(72, 918, NULL),
(72, 921, NULL),
(72, 922, NULL),
(72, 924, NULL),
(72, 926, NULL),
(72, 928, NULL),
(72, 929, NULL),
(72, 931, NULL),
(72, 932, NULL),
(72, 933, NULL),
(72, 936, NULL),
(72, 939, NULL),
(72, 940, NULL),
(72, 941, NULL),
(72, 942, NULL),
(72, 943, NULL),
(72, 944, NULL),
(72, 945, NULL),
(72, 946, NULL),
(72, 947, NULL),
(72, 948, NULL),
(72, 949, NULL),
(72, 950, NULL),
(72, 952, NULL),
(72, 953, NULL),
(72, 954, NULL),
(72, 955, NULL),
(72, 956, NULL),
(72, 957, NULL),
(72, 958, NULL),
(72, 959, NULL),
(72, 960, NULL),
(72, 961, NULL),
(72, 962, NULL),
(72, 963, NULL),
(72, 964, NULL),
(72, 966, NULL),
(72, 967, NULL),
(72, 968, NULL),
(72, 969, NULL),
(73, 906, NULL),
(73, 907, NULL),
(73, 908, NULL),
(73, 910, NULL),
(73, 911, NULL),
(73, 914, NULL),
(73, 916, NULL),
(73, 918, NULL),
(73, 921, NULL),
(73, 922, NULL),
(73, 924, NULL),
(73, 926, NULL),
(73, 928, NULL),
(73, 929, NULL),
(73, 931, NULL),
(73, 932, NULL),
(73, 933, NULL),
(73, 936, NULL),
(73, 939, NULL),
(73, 940, NULL),
(73, 941, NULL),
(73, 942, NULL),
(73, 943, NULL),
(73, 944, NULL),
(73, 945, NULL),
(73, 946, NULL),
(73, 947, NULL),
(73, 948, NULL),
(73, 949, NULL),
(73, 950, NULL),
(73, 952, NULL),
(73, 953, NULL),
(73, 954, NULL),
(73, 955, NULL),
(73, 956, NULL),
(73, 957, NULL),
(73, 958, NULL),
(73, 959, NULL),
(73, 960, NULL),
(73, 961, NULL),
(73, 962, NULL),
(73, 963, NULL),
(73, 964, NULL),
(73, 966, NULL),
(73, 967, NULL),
(73, 968, NULL),
(73, 969, NULL),
(74, 543, NULL),
(74, 544, NULL),
(74, 545, NULL),
(74, 546, NULL),
(74, 547, NULL),
(74, 612, NULL),
(74, 613, NULL),
(74, 614, NULL),
(74, 615, NULL),
(74, 616, NULL),
(74, 617, NULL),
(74, 618, NULL),
(74, 619, NULL),
(74, 620, NULL),
(74, 621, NULL),
(74, 622, NULL),
(74, 623, NULL),
(74, 624, NULL),
(74, 625, NULL),
(74, 626, NULL),
(74, 627, NULL),
(74, 628, NULL),
(74, 629, NULL),
(74, 630, NULL),
(74, 631, NULL),
(74, 633, NULL),
(74, 634, NULL),
(74, 635, NULL),
(74, 637, NULL),
(74, 638, NULL),
(74, 639, NULL),
(74, 640, NULL),
(74, 641, NULL),
(74, 642, NULL),
(74, 643, NULL),
(74, 644, NULL),
(74, 645, NULL),
(74, 646, NULL),
(74, 647, NULL),
(74, 648, NULL),
(74, 649, NULL),
(74, 650, NULL),
(74, 651, NULL),
(74, 688, NULL),
(74, 690, NULL),
(74, 691, NULL),
(74, 692, NULL),
(74, 693, NULL),
(74, 695, NULL),
(74, 696, NULL),
(74, 697, NULL),
(74, 698, NULL),
(74, 699, NULL),
(74, 701, NULL),
(74, 702, NULL),
(74, 703, NULL),
(74, 704, NULL),
(74, 705, NULL),
(74, 706, NULL),
(74, 707, NULL),
(74, 708, NULL),
(74, 709, NULL),
(74, 710, NULL),
(74, 711, NULL),
(74, 712, NULL),
(74, 713, NULL),
(74, 714, NULL),
(74, 715, NULL),
(74, 716, NULL),
(74, 717, NULL),
(74, 718, NULL),
(74, 719, NULL),
(74, 720, NULL),
(74, 721, NULL),
(74, 722, NULL),
(74, 723, NULL),
(74, 724, NULL),
(74, 725, NULL),
(74, 726, NULL),
(74, 727, NULL),
(74, 728, NULL),
(74, 729, NULL),
(74, 780, NULL),
(74, 781, NULL),
(74, 782, NULL),
(74, 783, NULL),
(74, 784, NULL),
(74, 785, NULL),
(74, 786, NULL),
(74, 787, NULL),
(74, 788, NULL),
(74, 789, NULL),
(74, 790, NULL),
(74, 791, NULL),
(74, 792, NULL),
(74, 795, NULL),
(74, 799, NULL),
(74, 906, NULL),
(74, 907, NULL),
(74, 908, NULL),
(74, 910, NULL),
(74, 911, NULL),
(74, 914, NULL),
(74, 916, NULL),
(74, 918, NULL),
(74, 921, NULL),
(74, 922, NULL),
(74, 924, NULL),
(74, 926, NULL),
(74, 928, NULL),
(74, 929, NULL),
(74, 931, NULL),
(74, 932, NULL),
(74, 933, NULL),
(74, 936, NULL),
(74, 938, NULL),
(74, 939, NULL),
(74, 940, NULL),
(74, 941, NULL),
(74, 942, NULL),
(74, 943, NULL),
(74, 944, NULL),
(74, 945, NULL),
(74, 946, NULL),
(74, 947, NULL),
(74, 948, NULL),
(74, 949, NULL),
(74, 950, NULL),
(74, 951, NULL),
(74, 952, NULL),
(74, 953, NULL),
(74, 954, NULL),
(74, 955, NULL),
(74, 956, NULL),
(74, 957, NULL),
(74, 958, NULL),
(74, 959, NULL),
(74, 960, NULL),
(74, 961, NULL),
(74, 962, NULL),
(74, 963, NULL),
(74, 964, NULL),
(74, 966, NULL),
(74, 967, NULL),
(74, 968, NULL),
(74, 969, NULL),
(75, 906, NULL),
(75, 907, NULL),
(75, 908, NULL),
(75, 910, NULL),
(75, 911, NULL),
(75, 914, NULL),
(75, 916, NULL),
(75, 918, NULL),
(75, 921, NULL),
(75, 922, NULL),
(75, 924, NULL),
(75, 926, NULL),
(75, 928, NULL),
(75, 929, NULL),
(75, 931, NULL),
(75, 932, NULL),
(75, 933, NULL),
(75, 936, NULL),
(75, 939, NULL),
(75, 940, NULL),
(75, 941, NULL),
(75, 942, NULL),
(75, 943, NULL),
(75, 944, NULL),
(75, 945, NULL),
(75, 946, NULL),
(75, 947, NULL),
(75, 948, NULL),
(75, 949, NULL),
(75, 950, NULL),
(75, 952, NULL),
(75, 953, NULL),
(75, 954, NULL),
(75, 955, NULL),
(75, 956, NULL),
(75, 957, NULL),
(75, 958, NULL),
(75, 959, NULL),
(75, 960, NULL),
(75, 961, NULL),
(75, 962, NULL),
(75, 963, NULL),
(75, 964, NULL),
(75, 966, NULL),
(75, 967, NULL),
(75, 968, NULL),
(75, 969, NULL),
(76, 906, NULL),
(76, 907, NULL),
(76, 908, NULL),
(76, 910, NULL),
(76, 911, NULL),
(76, 914, NULL),
(76, 916, NULL),
(76, 918, NULL),
(76, 922, NULL),
(76, 924, NULL),
(76, 926, NULL),
(76, 928, NULL),
(76, 929, NULL),
(76, 931, NULL),
(76, 932, NULL),
(76, 933, NULL),
(76, 936, NULL),
(76, 939, NULL),
(76, 940, NULL),
(76, 941, NULL),
(76, 942, NULL),
(76, 943, NULL),
(76, 944, NULL),
(76, 945, NULL),
(76, 946, NULL),
(76, 947, NULL),
(76, 948, NULL),
(76, 949, NULL),
(76, 950, NULL),
(76, 952, NULL),
(76, 953, NULL),
(76, 954, NULL),
(76, 955, NULL),
(76, 956, NULL),
(76, 957, NULL),
(76, 958, NULL),
(76, 959, NULL),
(76, 960, NULL),
(76, 961, NULL),
(76, 962, NULL),
(76, 963, NULL),
(76, 964, NULL),
(76, 966, NULL),
(76, 967, NULL),
(76, 968, NULL),
(77, 910, NULL),
(77, 926, NULL),
(77, 941, NULL),
(77, 946, NULL),
(77, 948, NULL),
(77, 950, NULL),
(77, 956, NULL),
(77, 957, NULL),
(77, 958, NULL),
(77, 960, NULL),
(77, 963, NULL),
(77, 966, NULL),
(77, 967, NULL),
(78, 908, NULL),
(78, 911, NULL),
(78, 939, NULL),
(78, 942, NULL),
(78, 943, NULL),
(78, 945, NULL),
(78, 952, NULL),
(78, 958, NULL),
(78, 961, NULL),
(78, 962, NULL),
(78, 967, NULL),
(78, 968, NULL),
(78, 969, NULL),
(79, 970, NULL),
(79, 971, NULL),
(79, 972, NULL),
(79, 973, NULL),
(79, 974, NULL),
(79, 975, NULL),
(80, 970, NULL),
(80, 971, NULL),
(80, 972, NULL),
(80, 973, NULL),
(80, 974, NULL),
(80, 975, NULL),
(81, 970, NULL),
(81, 971, NULL),
(81, 972, NULL),
(81, 973, NULL),
(81, 974, NULL),
(81, 975, NULL),
(82, 970, NULL),
(82, 971, NULL),
(82, 972, NULL),
(82, 973, NULL),
(82, 974, NULL),
(82, 975, NULL),
(84, 970, NULL),
(84, 971, NULL),
(84, 972, NULL),
(84, 973, NULL),
(84, 974, NULL),
(84, 975, NULL);

-- --------------------------------------------------------

--
-- Table structure for table `cohort`
--

CREATE TABLE `cohort` (
  `cohort_id` int(11) NOT NULL,
  `form` varchar(3) COLLATE utf8_unicode_ci DEFAULT NULL,
  `section` enum('A','B','C','D') COLLATE utf8_unicode_ci DEFAULT NULL,
  `sex` enum('M','F') COLLATE utf8_unicode_ci DEFAULT NULL
) ENGINE=InnoDB DEFAULT CHARSET=utf8 COLLATE=utf8_unicode_ci;

--
-- Dumping data for table `cohort`
--

INSERT INTO `cohort` (`cohort_id`, `form`, `section`, `sex`) VALUES
(10, 'I', 'A', NULL),
(11, 'I', 'A', NULL),
(12, 'I', 'A', NULL),
(13, 'I', 'A', NULL),
(14, 'I', 'A', NULL),
(15, 'I', 'A', NULL),
(16, 'I', 'A', NULL),
(17, 'I', 'A', NULL),
(18, 'I', 'A', NULL),
(19, 'I', 'A', NULL),
(20, 'I', 'A', NULL),
(21, 'I', 'A', NULL),
(22, 'I', 'A', NULL),
(23, 'I', 'A', NULL),
(24, 'I', 'A', NULL),
(25, 'I', 'A', NULL),
(26, 'I', 'A', NULL),
(27, 'I', 'A', NULL),
(28, 'I', 'A', NULL),
(29, 'I', 'A', NULL),
(30, 'I', 'A', NULL),
(31, 'I', 'A', NULL),
(32, 'I', 'A', NULL),
(33, 'I', 'A', NULL),
(34, 'I', 'A', NULL),
(35, 'I', 'A', NULL),
(36, 'I', 'A', NULL),
(37, 'I', 'A', NULL),
(38, 'I', 'A', NULL),
(39, 'I', 'A', NULL),
(40, 'I', 'A', NULL),
(41, 'I', 'A', NULL),
(42, 'I', 'A', NULL),
(43, 'I', 'A', NULL),
(44, 'I', 'A', NULL),
(45, 'I', 'A', NULL),
(46, 'I', 'A', NULL),
(47, 'I', 'A', NULL),
(48, 'I', 'A', NULL),
(49, 'I', 'A', NULL),
(50, 'I', 'A', NULL),
(51, 'I', 'A', NULL),
(52, 'I', 'A', NULL),
(53, 'I', 'A', NULL),
(54, 'I', 'A', NULL),
(55, 'I', 'A', NULL),
(56, 'I', 'A', NULL),
(57, 'I', 'A', NULL),
(58, 'I', 'A', NULL),
(59, 'I', 'A', NULL),
(60, 'I', 'A', NULL),
(61, 'I', 'A', NULL),
(62, 'I', 'A', NULL),
(63, 'I', 'A', NULL),
(64, 'I', 'A', NULL),
(65, 'I', 'A', NULL),
(66, 'I', 'A', NULL),
(67, 'I', 'A', NULL),
(68, 'I', 'A', NULL),
(69, 'I', 'A', NULL),
(70, 'I', 'A', NULL),
(71, 'I', 'A', NULL),
(72, 'I', 'A', NULL),
(73, 'I', 'A', NULL),
(74, 'I', 'A', NULL),
(75, 'I', 'A', NULL),
(76, 'I', 'A', NULL),
(77, 'I', 'A', NULL),
(78, 'I', 'A', NULL),
(79, 'I', 'A', NULL),
(80, 'I', 'A', NULL),
(81, 'I', 'A', NULL),
(82, 'I', 'A', NULL),
(83, 'I', 'A', NULL),
(84, 'I', 'A', NULL),
(85, 'I', 'A', NULL),
(86, 'I', 'A', NULL),
(87, 'I', 'A', NULL),
(88, 'I', 'A', NULL),
(89, 'I', 'A', NULL),
(90, 'I', 'A', NULL),
(91, 'I', 'A', NULL),
(92, 'I', 'A', NULL),
(93, 'I', 'A', NULL),
(94, 'I', 'A', NULL),
(95, 'I', 'A', NULL),
(96, 'I', 'A', NULL),
(97, 'I', 'A', NULL),
(98, 'I', 'A', NULL),
(99, 'I', 'A', NULL),
(100, 'I', 'A', NULL),
(101, 'I', 'A', NULL),
(102, 'I', 'A', NULL),
(103, 'I', 'A', NULL),
(104, 'I', 'A', NULL),
(105, 'I', 'A', NULL),
(106, 'I', 'A', NULL),
(107, 'I', 'A', NULL),
(108, 'I', 'A', NULL),
(109, 'I', 'A', NULL),
(110, 'I', 'A', NULL),
(111, 'I', 'A', NULL),
(112, 'I', 'A', NULL),
(113, 'I', 'A', NULL),
(114, 'I', 'A', NULL),
(115, 'I', 'A', NULL),
(116, 'I', 'A', NULL),
(117, 'I', 'A', NULL),
(118, 'I', 'A', NULL),
(119, 'I', 'A', NULL),
(120, 'I', 'A', NULL),
(121, 'I', 'A', NULL),
(122, 'I', 'A', NULL),
(123, 'I', 'A', NULL),
(124, 'I', 'A', NULL),
(125, 'I', 'A', NULL),
(126, 'I', 'A', NULL),
(127, 'I', 'A', NULL),
(128, 'I', 'A', NULL),
(129, 'I', 'A', NULL),
(130, 'I', 'A', NULL),
(131, 'I', 'A', NULL),
(132, 'I', 'A', NULL),
(133, 'I', 'A', NULL),
(134, 'I', 'A', NULL),
(135, 'I', 'A', NULL),
(136, 'I', 'A', NULL),
(137, 'I', 'A', NULL),
(138, 'I', 'A', NULL),
(139, 'I', 'A', NULL),
(140, 'I', 'A', NULL),
(141, 'I', 'A', NULL),
(142, 'I', 'A', NULL),
(143, 'I', 'A', NULL),
(144, 'I', 'A', NULL),
(145, 'I', 'A', NULL),
(146, 'I', 'A', NULL),
(147, 'I', 'A', NULL),
(148, 'I', 'A', NULL),
(149, 'I', 'A', NULL),
(150, 'I', 'A', NULL),
(151, 'I', 'A', NULL),
(152, 'I', 'A', NULL),
(153, 'I', 'A', NULL),
(154, 'I', 'A', NULL),
(155, 'I', 'A', NULL),
(156, 'I', 'A', NULL),
(157, 'I', 'A', NULL),
(158, 'I', 'A', NULL),
(159, 'I', 'A', NULL),
(160, 'I', 'A', NULL),
(161, 'I', 'A', NULL),
(162, 'I', 'A', NULL),
(163, 'I', 'A', NULL),
(164, 'I', 'A', NULL),
(165, 'I', 'A', NULL),
(166, 'I', 'A', NULL),
(167, 'I', 'A', NULL),
(168, 'I', 'A', NULL),
(169, 'I', 'A', NULL),
(170, 'I', 'A', NULL),
(171, 'I', 'A', NULL),
(172, 'I', 'A', NULL),
(173, 'I', 'A', NULL),
(174, 'I', 'A', NULL),
(175, 'I', 'A', NULL),
(176, 'I', 'A', NULL),
(177, 'I', 'A', NULL),
(178, 'I', 'A', NULL),
(179, 'I', 'A', NULL),
(180, 'I', 'A', NULL),
(181, 'I', 'A', NULL),
(182, 'I', 'A', NULL),
(183, 'I', 'A', NULL),
(184, 'I', 'A', NULL),
(185, 'I', 'A', NULL),
(186, 'I', 'A', NULL),
(187, 'I', 'A', NULL),
(188, 'I', 'A', NULL),
(189, 'I', 'A', NULL),
(190, 'I', 'A', NULL),
(191, 'I', 'A', NULL),
(192, 'I', 'A', NULL),
(193, 'I', 'A', NULL),
(194, 'I', 'A', NULL),
(195, 'I', 'A', NULL),
(196, 'I', 'A', NULL),
(197, 'I', 'A', NULL),
(198, 'I', 'A', NULL),
(199, 'I', 'A', NULL),
(200, 'I', 'A', NULL),
(201, 'I', 'A', NULL),
(202, 'I', 'A', NULL),
(203, 'I', 'A', NULL),
(204, 'I', 'A', NULL),
(205, 'I', 'A', NULL),
(206, 'I', 'A', NULL),
(207, 'I', 'A', NULL),
(208, 'I', 'A', NULL),
(209, 'I', 'A', NULL),
(210, 'I', 'A', NULL),
(211, 'I', 'A', NULL),
(212, 'I', 'A', NULL),
(213, 'I', 'A', NULL),
(214, 'I', 'A', NULL),
(215, 'I', 'A', NULL),
(216, 'I', 'A', NULL),
(217, 'I', 'A', NULL),
(218, 'I', 'A', NULL),
(219, 'I', 'A', NULL),
(220, 'I', 'A', NULL),
(221, 'I', 'A', NULL),
(222, 'I', 'A', NULL),
(223, 'I', 'A', NULL),
(224, 'I', 'A', NULL),
(225, 'I', 'A', NULL),
(226, 'I', 'A', NULL),
(227, 'I', 'A', NULL),
(228, 'I', 'A', NULL),
(229, 'I', 'A', NULL),
(230, 'I', 'A', NULL),
(231, 'I', 'A', NULL),
(232, 'I', 'A', NULL),
(233, 'I', 'A', NULL),
(234, 'I', 'A', NULL),
(235, 'I', 'A', NULL),
(236, 'I', 'A', NULL),
(237, 'I', 'A', NULL),
(238, 'I', 'A', NULL),
(239, 'I', 'A', NULL),
(240, 'I', 'A', NULL),
(241, 'I', 'A', NULL),
(242, 'I', 'A', NULL),
(243, 'I', 'A', NULL),
(244, 'I', 'A', NULL),
(245, 'I', 'A', NULL),
(246, 'I', 'A', NULL),
(247, 'I', 'A', NULL),
(248, 'I', 'A', NULL),
(249, 'I', 'A', NULL),
(250, 'I', 'A', NULL),
(251, 'I', 'A', NULL),
(252, 'I', 'A', NULL),
(253, 'I', 'A', NULL),
(254, 'I', 'A', NULL),
(255, 'I', 'A', NULL),
(256, 'I', 'A', NULL),
(257, 'I', 'A', NULL),
(258, 'I', 'A', NULL),
(259, 'I', 'A', NULL),
(260, 'I', 'A', NULL),
(261, 'I', 'A', NULL),
(262, 'I', 'A', NULL),
(263, 'I', 'A', NULL),
(264, 'I', 'A', NULL),
(265, 'I', 'A', NULL),
(266, 'I', 'A', NULL),
(267, 'I', 'A', NULL),
(268, 'I', 'A', NULL),
(269, 'I', 'A', NULL),
(270, 'I', 'A', NULL),
(271, 'I', 'A', NULL),
(272, 'I', 'A', NULL),
(273, 'I', 'A', NULL),
(274, 'I', 'A', NULL),
(275, 'I', 'A', NULL),
(276, 'I', 'A', NULL),
(277, 'I', 'A', NULL),
(278, 'I', 'A', NULL),
(279, 'I', 'A', NULL),
(280, 'I', 'A', NULL),
(281, 'I', 'A', NULL),
(282, 'I', 'A', NULL),
(283, 'I', 'A', NULL),
(284, 'I', 'A', NULL),
(285, 'I', 'A', NULL),
(286, 'I', 'A', NULL),
(287, 'I', 'A', NULL),
(288, 'I', 'A', NULL),
(289, 'I', 'A', NULL),
(290, 'I', 'A', NULL),
(291, 'I', 'A', NULL),
(292, 'I', 'A', NULL),
(293, 'I', 'A', NULL),
(294, 'I', 'A', NULL),
(295, 'I', 'A', NULL),
(296, 'I', 'A', NULL),
(297, 'I', 'A', NULL),
(298, 'I', 'A', NULL),
(299, 'I', 'A', NULL),
(300, 'I', 'A', NULL),
(301, 'I', 'A', NULL),
(302, 'I', 'A', NULL),
(303, 'I', 'A', NULL),
(304, 'I', 'A', NULL),
(305, 'I', 'A', NULL),
(306, 'I', 'A', NULL),
(307, 'I', 'A', NULL),
(308, 'I', 'A', NULL),
(309, 'I', 'A', NULL),
(310, 'I', 'A', NULL),
(311, 'I', 'A', NULL),
(312, 'I', 'A', NULL),
(313, 'I', 'A', NULL),
(314, 'I', 'A', NULL),
(315, 'I', 'A', NULL),
(316, 'I', 'A', NULL),
(317, 'I', 'A', NULL),
(318, 'I', 'A', NULL),
(319, 'I', 'A', NULL),
(320, 'I', 'A', NULL),
(321, 'I', 'A', NULL),
(322, 'I', 'A', NULL),
(323, 'I', 'A', NULL),
(324, 'I', 'A', NULL),
(325, 'I', 'A', NULL),
(326, 'I', 'A', NULL),
(327, 'I', 'A', NULL),
(328, 'I', 'A', NULL),
(329, 'I', 'A', NULL),
(330, 'I', 'A', NULL),
(331, 'I', 'A', NULL),
(332, 'I', 'A', NULL),
(333, 'I', 'A', NULL),
(334, 'I', 'A', NULL),
(335, 'I', 'A', NULL),
(336, 'I', 'A', NULL),
(337, 'I', 'A', NULL),
(338, 'I', 'A', NULL),
(339, 'I', 'A', NULL),
(340, 'I', 'A', NULL),
(341, 'I', 'A', NULL),
(342, 'I', 'A', NULL),
(343, 'I', 'A', NULL),
(344, 'I', 'A', NULL),
(345, 'I', 'A', NULL),
(346, 'I', 'A', NULL),
(347, 'I', 'A', NULL),
(348, 'I', 'A', NULL),
(349, 'I', 'A', NULL),
(350, 'I', 'A', NULL),
(351, 'I', 'A', NULL),
(352, 'I', 'A', NULL),
(353, 'I', 'A', NULL),
(354, 'I', 'A', NULL),
(355, 'I', 'A', NULL),
(356, 'I', 'A', NULL),
(357, 'I', 'A', NULL),
(358, 'I', 'A', NULL),
(359, 'I', 'A', NULL),
(360, 'I', 'A', NULL),
(361, 'I', 'A', NULL),
(362, 'I', 'A', NULL),
(363, 'I', 'A', NULL),
(364, 'I', 'A', NULL),
(365, 'I', 'A', NULL),
(366, 'I', 'A', NULL),
(367, 'I', 'A', NULL),
(368, 'I', 'A', NULL),
(369, 'I', 'A', NULL),
(370, 'I', 'A', NULL),
(371, 'I', 'A', NULL),
(372, 'I', 'A', NULL),
(373, 'I', 'A', NULL),
(374, 'I', 'A', NULL),
(375, 'I', 'A', NULL),
(376, 'I', 'A', NULL),
(377, 'I', 'A', NULL),
(378, 'I', 'A', NULL),
(379, 'I', 'A', NULL),
(380, 'I', 'A', NULL),
(381, 'I', 'A', NULL),
(382, 'I', 'A', NULL),
(383, 'I', 'A', NULL),
(384, 'I', 'A', NULL),
(385, 'I', 'A', NULL),
(386, 'I', 'A', NULL),
(387, 'I', 'A', NULL),
(388, 'I', 'A', NULL),
(389, 'I', 'A', NULL),
(390, 'I', 'A', NULL),
(391, 'I', 'A', NULL),
(392, 'I', 'A', NULL),
(393, 'I', 'A', NULL),
(394, 'I', 'A', NULL),
(395, 'I', 'A', NULL),
(396, 'I', 'A', NULL),
(397, 'I', 'A', NULL),
(398, 'I', 'A', NULL),
(399, 'I', 'A', NULL),
(400, 'I', 'A', NULL),
(401, 'I', 'A', NULL),
(402, 'I', 'A', NULL),
(403, 'I', 'A', NULL),
(404, 'I', 'A', NULL),
(405, 'I', 'A', NULL),
(406, 'I', 'A', NULL),
(407, 'I', 'A', NULL),
(408, 'I', 'A', NULL),
(409, 'I', 'A', NULL),
(410, 'I', 'A', NULL),
(411, 'I', 'A', NULL),
(412, 'I', 'A', NULL),
(413, 'I', 'A', NULL),
(414, 'I', 'A', NULL),
(415, 'I', 'A', NULL),
(416, 'I', 'A', NULL),
(417, 'I', 'A', NULL),
(418, 'I', 'A', NULL),
(419, 'I', 'A', NULL),
(420, 'I', 'A', NULL),
(421, 'I', 'A', NULL),
(422, 'I', 'A', NULL),
(423, 'I', 'A', NULL),
(424, 'I', 'A', NULL),
(425, 'I', 'A', NULL),
(426, 'I', 'A', NULL),
(427, 'I', 'A', NULL),
(428, 'I', 'A', NULL),
(429, 'I', 'A', NULL),
(430, 'I', 'A', NULL),
(431, 'I', 'A', NULL),
(432, 'I', 'A', NULL),
(433, 'I', 'A', NULL),
(434, 'I', 'A', NULL),
(435, 'I', 'A', NULL),
(436, 'I', 'A', NULL),
(437, 'I', 'A', NULL),
(438, 'I', 'A', NULL),
(439, 'I', 'A', NULL),
(440, 'I', 'A', NULL),
(441, 'I', 'A', NULL),
(442, 'I', 'A', NULL),
(443, 'I', 'A', NULL),
(444, 'I', 'A', NULL),
(445, 'I', 'A', NULL),
(446, 'I', 'A', NULL),
(447, 'I', 'A', NULL),
(448, 'I', 'A', NULL),
(449, 'I', 'A', NULL),
(450, 'I', 'A', NULL),
(451, 'I', 'A', NULL),
(452, 'I', 'A', NULL),
(453, 'I', 'A', NULL),
(454, 'I', 'A', NULL),
(455, 'I', 'A', NULL),
(456, 'I', 'A', NULL),
(457, 'I', 'A', NULL),
(458, 'I', 'A', NULL),
(459, 'I', 'A', NULL),
(460, 'I', 'A', NULL),
(461, 'I', 'A', NULL),
(462, 'I', 'A', NULL),
(463, 'I', 'A', NULL),
(464, 'I', 'A', NULL),
(465, 'I', 'A', NULL),
(466, 'I', 'A', NULL),
(467, 'I', 'A', NULL),
(468, 'I', 'A', NULL),
(469, 'I', 'A', NULL),
(470, 'I', 'A', NULL),
(471, 'I', 'A', NULL),
(472, 'I', 'A', NULL),
(473, 'I', 'A', NULL),
(474, 'I', 'A', NULL),
(475, 'I', 'A', NULL),
(476, 'I', 'A', NULL),
(477, 'I', 'A', NULL),
(478, 'I', 'A', NULL),
(479, 'I', 'A', NULL),
(480, 'I', 'A', NULL),
(481, 'I', 'A', NULL),
(482, 'I', 'A', NULL),
(483, 'I', 'A', NULL),
(484, 'I', 'A', NULL),
(485, 'I', 'A', NULL),
(486, 'I', 'A', NULL),
(487, 'I', 'A', NULL),
(488, 'I', 'A', NULL),
(489, 'I', 'A', NULL),
(490, 'I', 'A', NULL),
(491, 'I', 'A', NULL),
(492, 'I', 'A', NULL),
(493, 'I', 'A', NULL),
(494, 'I', 'A', NULL),
(495, 'I', 'A', NULL),
(496, 'I', 'A', NULL),
(497, 'I', 'A', NULL),
(498, 'I', 'A', NULL),
(499, 'I', 'A', NULL),
(500, 'I', 'A', NULL),
(501, 'I', 'A', NULL),
(502, 'I', 'A', NULL),
(503, 'I', 'A', NULL),
(504, 'I', 'A', NULL),
(505, 'I', 'A', NULL),
(506, 'I', 'A', NULL),
(507, 'I', 'A', NULL),
(508, 'I', 'A', NULL),
(509, 'I', 'A', NULL),
(510, 'I', 'A', NULL),
(511, 'I', 'A', NULL),
(512, 'I', 'A', NULL),
(513, 'I', 'A', NULL),
(514, 'I', 'A', NULL),
(515, 'I', 'A', NULL),
(516, 'I', 'A', NULL),
(517, 'I', 'A', NULL),
(518, 'I', 'A', NULL),
(519, 'I', 'A', NULL),
(520, 'I', 'A', NULL),
(521, 'I', 'A', NULL),
(522, 'I', 'A', NULL),
(523, 'I', 'A', NULL),
(524, 'I', 'A', NULL),
(525, 'I', 'A', NULL),
(526, 'I', 'A', NULL),
(527, 'I', 'A', NULL),
(528, 'I', 'A', NULL),
(529, 'I', 'A', NULL),
(530, 'I', 'A', NULL),
(531, 'I', 'A', NULL),
(532, 'I', 'A', NULL),
(533, 'I', 'A', NULL),
(534, 'I', 'A', NULL),
(535, 'I', 'A', NULL),
(536, 'I', 'A', NULL),
(537, 'I', 'A', NULL),
(538, 'I', 'A', NULL),
(539, 'I', 'A', NULL),
(540, 'I', 'A', NULL),
(541, 'I', 'A', NULL),
(542, 'I', 'A', NULL),
(543, 'I', 'A', NULL),
(544, 'I', 'A', NULL),
(545, 'I', 'A', NULL),
(546, 'I', 'A', NULL),
(547, 'I', 'A', NULL),
(548, 'I', 'A', NULL),
(549, 'I', 'A', NULL),
(550, 'I', 'A', NULL),
(551, 'I', 'A', NULL),
(552, 'I', 'A', NULL),
(553, 'I', 'A', NULL),
(554, 'I', 'A', NULL),
(555, 'I', 'A', NULL),
(556, 'I', 'A', NULL),
(557, 'I', 'A', NULL),
(558, 'I', 'A', NULL),
(559, 'I', 'A', NULL),
(560, 'I', 'A', NULL),
(561, 'I', 'A', NULL),
(562, 'I', 'A', NULL),
(563, 'I', 'A', NULL),
(564, 'I', 'A', NULL),
(565, 'I', 'A', NULL),
(566, 'I', 'A', NULL),
(567, 'I', 'A', NULL),
(568, 'I', 'A', NULL),
(569, 'I', 'A', NULL),
(570, 'I', 'A', NULL),
(571, 'I', 'A', NULL),
(572, 'I', 'A', NULL),
(573, 'I', 'A', NULL),
(574, 'I', 'A', NULL),
(575, 'I', 'A', NULL),
(576, 'I', 'A', NULL),
(577, 'I', 'A', NULL),
(578, 'I', 'A', NULL),
(579, 'I', 'A', NULL),
(580, 'I', 'A', NULL),
(581, 'I', 'A', NULL),
(582, 'I', 'A', NULL),
(583, 'I', 'A', NULL),
(584, 'I', 'A', NULL),
(585, 'I', 'A', NULL),
(586, 'I', 'A', NULL),
(587, 'I', 'A', NULL),
(588, 'I', 'A', NULL),
(589, 'I', 'A', NULL),
(590, 'I', 'A', NULL),
(591, 'I', 'A', NULL),
(592, 'I', 'A', NULL),
(593, 'I', 'A', NULL),
(594, 'I', 'A', NULL),
(595, 'I', 'A', NULL),
(596, 'I', 'A', NULL),
(597, 'I', 'A', NULL),
(598, 'I', 'A', NULL),
(599, 'I', 'A', NULL),
(600, 'I', 'A', NULL),
(601, 'I', 'A', NULL),
(602, 'I', 'A', NULL),
(603, 'I', 'A', NULL),
(604, 'I', 'A', NULL),
(605, 'I', 'A', NULL),
(606, 'I', 'A', NULL),
(607, 'I', 'A', NULL),
(608, 'I', 'A', NULL),
(609, 'I', 'A', NULL),
(610, 'I', 'A', NULL),
(611, 'I', 'A', NULL),
(612, 'I', 'A', NULL),
(613, 'I', 'A', NULL),
(614, 'I', 'A', NULL),
(615, 'I', 'A', NULL),
(616, 'I', 'A', NULL),
(617, 'I', 'A', NULL),
(618, 'I', 'A', NULL),
(619, 'I', 'A', NULL),
(620, 'I', 'A', NULL),
(621, 'I', 'A', NULL),
(622, 'I', 'A', NULL),
(623, 'I', 'A', NULL),
(624, 'I', 'A', NULL),
(625, 'I', 'A', NULL),
(626, 'I', 'A', NULL),
(627, 'I', 'A', NULL),
(628, 'I', 'A', NULL),
(629, 'I', 'A', NULL),
(630, 'I', 'A', NULL),
(631, 'I', 'A', NULL),
(632, 'I', 'A', NULL),
(633, 'I', 'A', NULL),
(634, 'I', 'A', NULL),
(635, 'I', 'A', NULL),
(636, 'I', 'A', NULL),
(637, 'I', 'A', NULL),
(638, 'I', 'A', NULL),
(639, 'I', 'A', NULL),
(640, 'I', 'A', NULL),
(641, 'I', 'A', NULL),
(642, 'I', 'A', NULL),
(643, 'I', 'A', NULL),
(644, 'I', 'A', NULL),
(645, 'I', 'A', NULL),
(646, 'I', 'A', NULL),
(647, 'I', 'A', NULL),
(648, 'I', 'A', NULL),
(649, 'I', 'A', NULL),
(650, 'I', 'A', NULL),
(651, 'I', 'A', NULL),
(652, 'I', 'A', NULL),
(653, 'I', 'A', NULL),
(654, 'I', 'A', NULL),
(655, 'I', 'A', NULL),
(656, 'I', 'A', NULL),
(657, 'I', 'A', NULL),
(658, 'I', 'A', NULL),
(659, 'I', 'A', NULL),
(660, 'I', 'A', NULL),
(661, 'I', 'A', NULL),
(662, 'I', 'A', NULL),
(663, 'I', 'A', NULL),
(664, 'I', 'A', NULL),
(665, 'I', 'A', NULL),
(666, 'I', 'A', NULL),
(667, 'I', 'A', NULL),
(668, 'I', 'A', NULL),
(669, 'I', 'A', NULL),
(670, 'I', 'A', NULL),
(671, 'I', 'A', NULL),
(672, 'I', 'A', NULL),
(673, 'I', 'A', NULL),
(674, 'I', 'A', NULL),
(675, 'I', 'A', NULL),
(676, 'I', 'A', NULL),
(677, 'I', 'A', NULL),
(678, 'I', 'A', NULL),
(679, 'I', 'A', NULL),
(680, 'I', 'A', NULL),
(681, 'I', 'A', NULL),
(682, 'I', 'A', NULL),
(683, 'I', 'A', NULL),
(684, 'I', 'A', NULL),
(685, 'I', 'A', NULL),
(686, 'I', 'A', NULL),
(687, 'I', 'A', NULL),
(688, 'I', 'A', NULL),
(689, 'I', 'A', NULL),
(690, 'I', 'A', NULL),
(691, 'I', 'A', NULL),
(692, 'I', 'A', NULL),
(693, 'I', 'A', NULL),
(694, 'I', 'A', NULL),
(695, 'I', 'A', NULL),
(696, 'I', 'A', NULL),
(697, 'I', 'A', NULL),
(698, 'I', 'A', NULL),
(699, 'I', 'A', NULL),
(700, 'I', 'A', NULL),
(701, 'I', 'A', NULL),
(702, 'I', 'A', NULL),
(703, 'I', 'A', NULL),
(704, 'I', 'A', NULL),
(705, 'I', 'A', NULL),
(706, 'I', 'A', NULL),
(707, 'I', 'A', NULL),
(708, 'I', 'A', NULL),
(709, 'I', 'A', NULL),
(710, 'I', 'A', NULL),
(711, 'I', 'A', NULL),
(712, 'I', 'A', NULL),
(713, 'I', 'A', NULL),
(714, 'I', 'A', NULL),
(715, 'I', 'A', NULL),
(716, 'I', 'A', NULL),
(717, 'I', 'A', NULL),
(718, 'I', 'A', NULL),
(719, 'I', 'A', NULL),
(720, 'I', 'A', NULL),
(721, 'I', 'A', NULL),
(722, 'I', 'A', NULL),
(723, 'I', 'A', NULL),
(724, 'I', 'A', NULL),
(725, 'I', 'A', NULL),
(726, 'I', 'A', NULL),
(727, 'I', 'A', NULL),
(728, 'I', 'A', NULL),
(729, 'I', 'A', NULL),
(730, 'I', 'A', NULL),
(731, 'I', 'A', NULL),
(732, 'I', 'A', NULL),
(733, 'I', 'A', NULL),
(734, 'I', 'A', NULL),
(735, 'I', 'A', NULL),
(736, 'I', 'A', NULL),
(737, 'I', 'A', NULL),
(738, 'I', 'A', NULL),
(739, 'I', 'A', NULL),
(740, 'I', 'A', NULL),
(741, 'I', 'A', NULL),
(742, 'I', 'A', NULL),
(743, 'I', 'A', NULL),
(744, 'I', 'A', NULL),
(745, 'I', 'A', NULL),
(746, 'I', 'A', NULL),
(747, 'I', 'A', NULL),
(748, 'I', 'A', NULL),
(749, 'I', 'A', NULL),
(750, 'I', 'A', NULL),
(751, 'I', 'A', NULL),
(752, 'I', 'A', NULL),
(753, 'I', 'A', NULL),
(754, 'I', 'A', NULL),
(755, 'I', 'A', NULL),
(756, 'I', 'A', NULL),
(757, 'I', 'A', NULL),
(758, 'I', 'A', NULL),
(759, 'I', 'A', NULL),
(760, 'I', 'A', NULL),
(761, 'I', 'A', NULL),
(762, 'I', 'A', NULL),
(763, 'I', 'A', NULL),
(764, 'I', 'A', NULL),
(765, 'I', 'A', NULL),
(766, 'I', 'A', NULL),
(767, 'I', 'A', NULL),
(768, 'I', 'A', NULL),
(769, 'I', 'A', NULL),
(770, 'I', 'A', NULL),
(771, 'I', 'A', NULL),
(772, 'I', 'A', NULL),
(773, 'I', 'A', NULL),
(774, 'I', 'A', NULL),
(775, 'I', 'A', NULL),
(776, 'I', 'A', NULL),
(777, 'I', 'A', NULL),
(778, 'I', 'A', NULL),
(779, 'I', 'A', NULL),
(780, 'I', 'A', NULL),
(781, 'I', 'A', NULL),
(782, 'I', 'A', NULL),
(783, 'I', 'A', NULL),
(784, 'I', 'A', NULL),
(785, 'I', 'A', NULL),
(786, 'I', 'A', NULL),
(787, 'I', 'A', NULL),
(788, 'I', 'A', NULL),
(789, 'I', 'A', NULL),
(790, 'I', 'A', NULL),
(791, 'I', 'A', NULL),
(792, 'I', 'A', NULL),
(793, 'I', 'A', NULL),
(794, 'I', 'A', NULL),
(795, 'I', 'A', NULL),
(796, 'I', 'A', NULL),
(797, 'I', 'A', NULL),
(798, 'I', 'A', NULL),
(799, 'I', 'A', NULL),
(800, 'I', 'A', NULL),
(801, 'I', 'A', NULL),
(802, 'I', 'A', NULL),
(803, 'I', 'A', NULL),
(804, 'I', 'A', NULL),
(805, 'I', 'A', NULL),
(806, 'I', 'A', NULL),
(807, 'I', 'A', NULL),
(808, 'I', 'A', NULL),
(809, 'I', 'A', NULL),
(810, 'I', 'A', NULL),
(811, 'I', 'A', NULL),
(812, 'I', 'A', NULL),
(813, 'I', 'A', NULL),
(814, 'I', 'A', NULL),
(815, 'I', 'A', NULL),
(816, 'I', 'A', NULL),
(817, 'I', 'A', NULL),
(818, 'I', 'A', NULL),
(819, 'I', 'A', NULL),
(820, 'I', 'A', NULL),
(821, 'I', 'A', NULL),
(822, 'I', 'A', NULL),
(823, 'I', 'A', NULL),
(824, 'I', 'A', NULL),
(825, 'I', 'A', NULL),
(826, 'I', 'A', NULL),
(827, 'I', 'A', NULL),
(828, 'I', 'A', NULL),
(829, 'I', 'A', NULL),
(830, 'I', 'A', NULL),
(831, 'I', 'A', NULL),
(832, 'I', 'A', NULL),
(833, 'I', 'A', NULL),
(834, 'I', 'A', NULL),
(835, 'I', 'A', NULL),
(836, 'I', 'A', NULL),
(837, 'I', 'A', NULL),
(838, 'I', 'A', NULL),
(839, 'I', 'A', NULL),
(840, 'I', 'A', NULL),
(841, 'I', 'A', NULL),
(842, 'I', 'A', NULL),
(843, 'I', 'A', NULL),
(844, 'I', 'A', NULL),
(845, 'I', 'A', NULL),
(846, 'I', 'A', NULL),
(847, 'I', 'A', NULL),
(848, 'I', 'A', NULL),
(849, 'I', 'A', NULL),
(850, 'I', 'A', NULL),
(851, 'I', 'A', NULL),
(852, 'I', 'A', NULL),
(853, 'I', 'A', NULL),
(854, 'I', 'A', NULL),
(855, 'I', 'A', NULL),
(856, 'I', 'A', NULL),
(857, 'I', 'A', NULL),
(858, 'I', 'A', NULL),
(859, 'I', 'A', NULL),
(860, 'I', 'A', NULL),
(861, 'I', 'A', NULL),
(862, 'I', 'A', NULL),
(863, 'I', 'A', NULL),
(864, 'I', 'A', NULL),
(865, 'I', 'A', NULL),
(866, 'I', 'A', NULL),
(867, 'I', 'A', NULL),
(868, 'I', 'A', NULL),
(869, 'I', 'A', NULL),
(870, 'I', 'A', NULL),
(871, 'I', 'A', NULL),
(872, 'I', 'A', NULL),
(873, 'I', 'A', NULL),
(874, 'I', 'A', NULL),
(875, 'I', 'A', NULL),
(876, 'I', 'A', NULL),
(877, 'I', 'A', NULL),
(878, 'I', 'A', NULL),
(879, 'I', 'A', NULL),
(880, 'I', 'A', NULL),
(881, 'I', 'A', NULL),
(882, 'I', 'A', NULL),
(883, 'I', 'A', NULL),
(884, 'I', 'A', NULL),
(885, 'I', 'A', NULL),
(886, 'I', 'A', NULL),
(887, 'I', 'A', NULL),
(888, 'I', 'A', NULL),
(889, 'I', 'A', NULL),
(890, 'I', 'A', NULL),
(891, 'I', 'A', NULL),
(892, 'I', 'A', NULL),
(893, 'I', 'A', NULL),
(894, 'I', 'A', NULL),
(895, 'I', 'A', NULL),
(896, 'I', 'A', NULL),
(897, 'I', 'A', NULL),
(898, 'I', 'A', NULL),
(899, 'I', 'A', NULL),
(900, 'I', 'A', NULL),
(901, 'I', 'A', NULL),
(902, 'I', 'A', NULL),
(903, 'I', 'A', NULL),
(904, 'I', 'A', NULL),
(905, 'I', 'A', NULL),
(906, 'I', 'A', NULL),
(907, 'I', 'A', NULL),
(908, 'I', 'A', NULL),
(909, 'I', 'A', NULL),
(910, 'I', 'A', NULL),
(911, 'I', 'A', NULL),
(912, 'I', 'A', NULL),
(913, 'I', 'A', NULL),
(914, 'I', 'A', NULL),
(915, 'I', 'A', NULL),
(916, 'I', 'A', NULL),
(917, 'I', 'A', NULL),
(918, 'I', 'A', NULL),
(919, 'I', 'A', NULL),
(920, 'I', 'A', NULL),
(921, 'I', 'A', NULL),
(922, 'I', 'A', NULL),
(923, 'I', 'A', NULL),
(924, 'I', 'A', NULL),
(925, 'I', 'A', NULL),
(926, 'I', 'A', NULL),
(927, 'I', 'A', NULL),
(928, 'I', 'A', NULL),
(929, 'I', 'A', NULL),
(930, 'I', 'A', NULL),
(931, 'I', 'A', NULL),
(932, 'I', 'A', NULL),
(933, 'I', 'A', NULL),
(934, 'I', 'A', NULL),
(935, 'I', 'A', NULL),
(936, 'I', 'A', NULL),
(937, 'I', 'A', NULL),
(938, 'I', 'A', NULL),
(939, 'I', 'A', NULL),
(940, 'I', 'A', NULL),
(941, 'I', 'A', NULL),
(942, 'I', 'A', NULL),
(943, 'I', 'A', NULL),
(944, 'I', 'A', NULL),
(945, 'I', 'A', NULL),
(946, 'I', 'A', NULL),
(947, 'I', 'A', NULL),
(948, 'I', 'A', NULL),
(949, 'I', 'A', NULL),
(950, 'I', 'A', NULL),
(951, 'I', 'A', NULL),
(952, 'I', 'A', NULL),
(953, 'I', 'A', NULL),
(954, 'I', 'A', NULL),
(955, 'I', 'A', NULL),
(956, 'I', 'A', NULL),
(957, 'I', 'A', NULL),
(958, 'I', 'A', NULL),
(959, 'I', 'A', NULL),
(960, 'I', 'A', NULL),
(961, 'I', 'A', NULL),
(962, 'I', 'A', NULL),
(963, 'I', 'A', NULL),
(964, 'I', 'A', NULL),
(965, 'I', 'A', NULL),
(966, 'I', 'A', NULL),
(967, 'I', 'A', NULL),
(968, 'I', 'A', NULL),
(969, 'I', 'A', NULL),
(970, 'I', 'A', NULL),
(971, 'I', 'A', NULL),
(972, 'I', 'A', NULL),
(973, 'I', 'A', NULL),
(974, 'I', 'A', NULL),
(975, 'I', 'A', NULL),
(976, 'I', 'A', NULL),
(977, 'I', 'A', NULL),
(978, 'I', 'A', NULL),
(979, 'I', 'A', NULL),
(980, 'I', 'A', NULL),
(981, 'I', 'A', NULL),
(982, 'I', 'A', NULL),
(983, 'I', 'A', NULL),
(984, 'I', 'A', NULL),
(985, 'I', 'A', NULL),
(986, 'I', 'A', NULL),
(987, 'I', 'A', NULL),
(988, 'I', 'A', NULL),
(989, 'I', 'A', NULL),
(990, 'I', 'A', NULL),
(991, 'I', 'A', NULL),
(992, 'I', 'A', NULL),
(993, 'I', 'A', NULL),
(994, 'I', 'A', NULL),
(995, 'I', 'A', NULL),
(996, 'I', 'A', NULL),
(997, 'I', 'A', NULL),
(998, 'I', 'A', NULL),
(999, 'I', 'A', NULL),
(1000, 'I', 'A', NULL),
(1001, 'I', 'A', NULL),
(1002, 'I', 'A', NULL),
(1003, 'I', 'A', NULL),
(1004, 'I', 'A', NULL),
(1005, 'I', 'A', NULL),
(1006, 'I', 'A', NULL),
(1007, 'I', 'A', NULL),
(1008, 'I', 'A', NULL),
(1009, 'I', 'A', NULL),
(1010, 'I', 'A', NULL),
(1011, 'I', 'A', NULL),
(1012, 'I', 'A', NULL),
(1013, 'I', 'A', NULL),
(1014, 'I', 'A', NULL),
(1015, 'I', 'A', NULL),
(1016, 'I', 'A', NULL),
(1017, 'I', 'A', NULL),
(1018, 'I', 'A', NULL),
(1019, 'I', 'A', NULL),
(1020, 'I', 'A', NULL),
(1021, 'I', 'A', NULL),
(1022, 'I', 'A', NULL),
(1023, 'I', 'A', NULL),
(1024, 'I', 'A', NULL),
(1025, 'I', 'A', NULL),
(1026, 'I', 'A', NULL),
(1027, 'I', 'A', NULL),
(1028, 'I', 'A', NULL),
(1029, 'I', 'A', NULL),
(1030, 'I', 'A', NULL),
(1031, 'I', 'A', NULL),
(1032, 'I', 'A', NULL),
(1033, 'I', 'A', NULL),
(1034, 'I', 'A', NULL),
(1035, 'I', 'A', NULL),
(1036, 'I', 'A', NULL),
(1037, 'I', 'A', NULL),
(1038, 'I', 'A', NULL),
(1039, 'I', 'A', NULL),
(1040, 'I', 'A', NULL),
(1041, 'I', 'A', NULL),
(1042, 'I', 'A', NULL),
(1043, 'I', 'A', NULL),
(1044, 'I', 'A', NULL),
(1045, 'I', 'A', NULL),
(1046, 'I', 'A', NULL),
(1047, 'I', 'A', NULL),
(1048, 'I', 'A', NULL),
(1049, 'I', 'A', NULL),
(1050, 'I', 'A', NULL),
(1051, 'I', 'A', NULL),
(1052, 'I', 'A', NULL),
(1053, 'I', 'A', NULL),
(1054, 'I', 'A', NULL),
(1055, 'I', 'A', NULL),
(1056, 'I', 'A', NULL),
(1057, 'I', 'A', NULL),
(1058, 'I', 'A', NULL),
(1059, 'I', 'A', NULL),
(1060, 'I', 'A', NULL),
(1061, 'I', 'A', NULL),
(1062, 'I', 'A', NULL),
(1063, 'I', 'A', NULL),
(1064, 'I', 'A', NULL),
(1065, 'I', 'A', NULL),
(1066, 'I', 'A', NULL),
(1067, 'I', 'A', NULL),
(1068, 'I', 'A', NULL),
(1069, 'I', 'A', NULL),
(1070, 'I', 'A', NULL),
(1071, 'I', 'A', NULL),
(1072, 'I', 'A', NULL),
(1073, 'I', 'A', NULL),
(1074, 'I', 'A', NULL),
(1075, 'I', 'A', NULL),
(1076, 'I', 'A', NULL),
(1077, 'I', 'A', NULL),
(1078, 'I', 'A', NULL),
(1079, 'I', 'A', NULL),
(1080, 'I', 'A', NULL),
(1081, 'I', 'A', NULL),
(1082, 'I', 'A', NULL),
(1083, 'I', 'A', NULL),
(1084, 'I', 'A', NULL),
(1085, 'I', 'A', NULL),
(1086, 'I', 'A', NULL),
(1087, 'I', 'A', NULL),
(1088, 'I', 'A', NULL),
(1089, 'I', 'A', NULL),
(1090, 'I', 'A', NULL),
(1091, 'I', 'A', NULL),
(1092, 'I', 'A', NULL),
(1093, 'I', 'A', NULL),
(1094, 'I', 'A', NULL),
(1095, 'I', 'A', NULL),
(1096, 'I', 'A', NULL),
(1097, 'I', 'A', NULL),
(1098, 'I', 'A', NULL),
(1099, 'I', 'A', NULL),
(1100, 'I', 'A', NULL),
(1101, 'I', 'A', NULL),
(1102, 'I', 'A', NULL),
(1103, 'I', 'A', NULL),
(1104, 'I', 'A', NULL),
(1105, 'I', 'A', NULL),
(1106, 'I', 'A', NULL),
(1107, 'I', 'A', NULL),
(1108, 'I', 'A', NULL),
(1109, 'I', 'A', NULL),
(1110, 'I', 'A', NULL),
(1111, 'I', 'A', NULL),
(1112, 'I', 'A', NULL),
(1113, 'I', 'A', NULL),
(1114, 'I', 'A', NULL),
(1115, 'I', 'A', NULL),
(1116, 'I', 'A', NULL),
(1117, 'I', 'A', NULL),
(1118, 'I', 'A', NULL),
(1119, 'I', 'A', NULL),
(1120, 'I', 'A', NULL),
(1121, 'I', 'A', NULL),
(1122, 'I', 'A', NULL),
(1123, 'I', 'A', NULL),
(1124, 'I', 'A', NULL),
(1125, 'I', 'A', NULL),
(1126, 'I', 'A', NULL),
(1127, 'I', 'A', NULL),
(1128, 'I', 'A', NULL),
(1129, 'I', 'A', NULL),
(1130, 'I', 'A', NULL),
(1131, 'I', 'A', NULL),
(1132, 'I', 'A', NULL),
(1133, 'I', 'A', NULL),
(1134, 'I', 'A', NULL),
(1135, 'I', 'A', NULL),
(1136, 'I', 'A', NULL),
(1137, 'I', 'A', NULL),
(1138, 'I', 'A', NULL),
(1139, 'I', 'A', NULL),
(1140, 'I', 'A', NULL),
(1141, 'I', 'A', NULL),
(1142, 'I', 'A', NULL),
(1143, 'I', 'A', NULL),
(1144, 'I', 'A', NULL),
(1145, 'I', 'A', NULL),
(1146, 'I', 'A', NULL),
(1147, 'I', 'A', NULL),
(1148, 'I', 'A', NULL),
(1149, 'I', 'A', NULL),
(1150, 'I', 'A', NULL),
(1151, 'I', 'A', NULL),
(1152, 'I', 'A', NULL),
(1153, 'I', 'A', NULL),
(1154, 'I', 'A', NULL),
(1155, 'I', 'A', NULL),
(1156, 'I', 'A', NULL),
(1157, 'I', 'A', NULL),
(1158, 'I', 'A', NULL),
(1159, 'I', 'A', NULL),
(1160, 'I', 'A', NULL),
(1161, 'I', 'A', NULL),
(1162, 'I', 'A', NULL),
(1163, 'I', 'A', NULL),
(1164, 'I', 'A', NULL),
(1165, 'I', 'A', NULL),
(1166, 'I', 'A', NULL),
(1167, 'I', 'A', NULL),
(1168, 'I', 'A', NULL),
(1169, 'I', 'A', NULL),
(1170, 'I', 'A', NULL),
(1171, 'I', 'A', NULL),
(1172, 'I', 'A', NULL),
(1173, 'I', 'A', NULL),
(1174, 'I', 'A', NULL),
(1175, 'I', 'A', NULL),
(1176, 'I', 'A', NULL),
(1177, 'I', 'A', NULL),
(1178, 'I', 'A', NULL),
(1179, 'I', 'A', NULL),
(1180, 'I', 'A', NULL),
(1181, 'I', 'A', NULL),
(1182, 'I', 'A', NULL),
(1183, 'I', 'A', NULL),
(1184, 'I', 'A', NULL),
(1185, 'I', 'A', NULL),
(1186, 'I', 'A', NULL),
(1187, 'I', 'A', NULL),
(1188, 'I', 'A', NULL),
(1189, 'I', 'A', NULL),
(1190, 'I', 'A', NULL),
(1191, 'I', 'A', NULL),
(1192, 'I', 'A', NULL),
(1193, 'I', 'A', NULL),
(1194, 'I', 'A', NULL),
(1195, 'I', 'A', NULL),
(1196, 'I', 'A', NULL),
(1197, 'I', 'A', NULL),
(1198, 'I', 'A', NULL),
(1199, 'I', 'A', NULL),
(1200, 'I', 'A', NULL),
(1201, 'I', 'A', NULL),
(1202, 'I', 'A', NULL),
(1203, 'I', 'A', NULL),
(1204, 'I', 'A', NULL),
(1205, 'I', 'A', NULL),
(1206, 'I', 'A', NULL),
(1207, 'I', 'A', NULL),
(1208, 'I', 'A', NULL),
(1209, 'I', 'A', NULL),
(1210, 'I', 'A', NULL),
(1211, 'I', 'A', NULL),
(1212, 'I', 'A', NULL),
(1213, 'I', 'A', NULL),
(1214, 'I', 'A', NULL),
(1215, 'I', 'A', NULL),
(1216, 'I', 'A', NULL),
(1217, 'I', 'A', NULL),
(1218, 'I', 'A', NULL),
(1219, 'I', 'A', NULL),
(1220, 'I', 'A', NULL),
(1221, 'I', 'A', NULL),
(1222, 'I', 'A', NULL),
(1223, 'I', 'A', NULL),
(1224, 'I', 'A', NULL),
(1225, 'I', 'A', NULL),
(1226, 'I', 'A', NULL),
(1227, 'I', 'A', NULL),
(1228, 'I', 'A', NULL),
(1229, 'I', 'A', NULL),
(1230, 'I', 'A', NULL),
(1231, 'I', 'A', NULL),
(1232, 'I', 'A', NULL),
(1233, 'I', 'A', NULL),
(1234, 'I', 'A', NULL),
(1235, 'I', 'A', NULL),
(1236, 'I', 'A', NULL),
(1237, 'I', 'A', NULL),
(1238, 'I', 'A', NULL),
(1239, 'I', 'A', NULL),
(1240, 'I', 'A', NULL),
(1241, 'I', 'A', NULL),
(1242, 'I', 'A', NULL),
(1243, 'I', 'A', NULL),
(1244, 'I', 'A', NULL),
(1245, 'I', 'A', NULL),
(1246, 'I', 'A', NULL),
(1247, 'I', 'A', NULL),
(1248, 'I', 'A', NULL),
(1249, 'I', 'A', NULL),
(1250, 'I', 'A', NULL),
(1251, 'I', 'A', NULL),
(1252, 'I', 'A', NULL),
(1253, 'I', 'A', NULL),
(1254, 'I', 'A', NULL),
(1255, 'I', 'A', NULL),
(1256, 'I', 'A', NULL),
(1257, 'I', 'A', NULL),
(1258, 'I', 'A', NULL),
(1259, 'I', 'A', NULL),
(1260, 'I', 'A', NULL),
(1261, 'I', 'A', NULL),
(1262, 'I', 'A', NULL),
(1263, 'I', 'A', NULL),
(1264, 'I', 'A', NULL),
(1265, 'I', 'A', NULL),
(1266, 'I', 'A', NULL),
(1267, 'I', 'A', NULL),
(1268, 'I', 'A', NULL),
(1269, 'I', 'A', NULL),
(1270, 'I', 'A', NULL),
(1271, 'I', 'A', NULL),
(1272, 'I', 'A', NULL),
(1273, 'I', 'A', NULL),
(1274, 'I', 'A', NULL),
(1275, 'I', 'A', NULL),
(1276, 'I', 'A', NULL),
(1277, 'I', 'A', NULL),
(1278, 'I', 'A', NULL),
(1279, 'I', 'A', NULL),
(1280, 'I', 'A', NULL),
(1281, 'I', 'A', NULL),
(1282, 'I', 'A', NULL),
(1283, 'I', 'A', NULL),
(1284, 'I', 'A', NULL),
(1285, 'I', 'A', NULL),
(1286, 'I', 'A', NULL),
(1287, 'I', 'A', NULL),
(1288, 'I', 'A', NULL),
(1289, 'I', 'A', NULL),
(1290, 'I', 'A', NULL),
(1291, 'I', 'A', NULL),
(1292, 'I', 'A', NULL),
(1293, 'I', 'A', NULL),
(1294, 'I', 'A', NULL),
(1295, 'I', 'A', NULL),
(1296, 'I', 'A', NULL),
(1297, 'I', 'A', NULL),
(1298, 'I', 'A', NULL),
(1299, 'I', 'A', NULL),
(1300, 'I', 'A', NULL),
(1301, 'I', 'A', NULL),
(1302, 'I', 'A', NULL),
(1303, 'I', 'A', NULL),
(1304, 'I', 'A', NULL),
(1305, 'I', 'A', NULL),
(1306, 'I', 'A', NULL),
(1307, 'I', 'A', NULL),
(1308, 'I', 'A', NULL),
(1309, 'I', 'A', NULL),
(1310, 'I', 'A', NULL),
(1311, 'I', 'A', NULL),
(1312, 'I', 'A', NULL),
(1313, 'I', 'A', NULL),
(1314, 'I', 'A', NULL),
(1315, 'I', 'A', NULL),
(1316, 'I', 'A', NULL),
(1317, 'I', 'A', NULL),
(1318, 'I', 'A', NULL),
(1319, 'I', 'A', NULL),
(1320, 'I', 'A', NULL),
(1321, 'I', 'A', NULL),
(1322, 'I', 'A', NULL),
(1323, 'I', 'A', NULL),
(1324, 'I', 'A', NULL),
(1325, 'I', 'A', NULL),
(1326, 'I', 'A', NULL),
(1327, 'I', 'A', NULL),
(1328, 'I', 'A', NULL),
(1329, 'I', 'A', NULL),
(1330, 'I', 'A', NULL),
(1331, 'I', 'A', NULL),
(1332, 'I', 'A', NULL),
(1333, 'I', 'A', NULL),
(1334, 'I', 'A', NULL),
(1335, 'I', 'A', NULL),
(1336, 'I', 'A', NULL),
(1337, 'I', 'A', NULL),
(1338, 'I', 'A', NULL),
(1339, 'I', 'A', NULL),
(1340, 'I', 'A', NULL),
(1341, 'I', 'A', NULL),
(1342, 'I', 'A', NULL),
(1343, 'I', 'A', NULL),
(1344, 'I', 'A', NULL),
(1345, 'I', 'A', NULL),
(1346, 'I', 'A', NULL),
(1347, 'I', 'A', NULL),
(1348, 'I', 'A', NULL),
(1349, 'I', 'A', NULL),
(1350, 'I', 'A', NULL),
(1351, 'I', 'A', NULL),
(1352, 'I', 'A', NULL),
(1353, 'I', 'A', NULL),
(1354, 'I', 'A', NULL),
(1355, 'I', 'A', NULL),
(1356, 'I', 'A', NULL),
(1357, 'I', 'A', NULL),
(1358, 'I', 'A', NULL),
(1359, 'I', 'A', NULL),
(1360, 'I', 'A', NULL),
(1361, 'I', 'A', NULL),
(1362, 'I', 'A', NULL),
(1363, 'I', 'A', NULL),
(1364, 'I', 'A', NULL),
(1365, 'I', 'A', NULL),
(1366, 'I', 'A', NULL),
(1367, 'I', 'A', NULL),
(1368, 'I', 'A', NULL),
(1369, 'I', 'A', NULL),
(1370, 'I', 'A', NULL),
(1371, 'I', 'A', NULL),
(1372, 'I', 'A', NULL),
(1373, 'I', 'A', NULL),
(1374, 'I', 'A', NULL),
(1375, 'I', 'A', NULL),
(1376, 'I', 'A', NULL),
(1377, 'I', 'A', NULL),
(1378, 'I', 'A', NULL),
(1379, 'I', 'A', NULL),
(1380, 'I', 'A', NULL),
(1381, 'I', 'A', NULL),
(1382, 'I', 'A', NULL),
(1383, 'I', 'A', NULL),
(1384, 'I', 'A', NULL),
(1385, 'I', 'A', NULL),
(1386, 'I', 'A', NULL),
(1387, 'I', 'A', NULL),
(1388, 'I', 'A', NULL),
(1389, 'I', 'A', NULL),
(1390, 'I', 'A', NULL),
(1391, 'I', 'A', NULL),
(1392, 'I', 'A', NULL),
(1393, 'I', 'A', NULL),
(1394, 'I', 'A', NULL),
(1395, 'I', 'A', NULL),
(1396, 'I', 'A', NULL),
(1397, 'I', 'A', NULL),
(1398, 'I', 'A', NULL),
(1399, 'I', 'A', NULL),
(1400, 'I', 'A', NULL),
(1401, 'I', 'A', NULL),
(1402, 'I', 'A', NULL),
(1403, 'I', 'A', NULL),
(1404, 'I', 'A', NULL),
(1405, 'I', 'A', NULL),
(1406, 'I', 'A', NULL),
(1407, 'I', 'A', NULL),
(1408, 'I', 'A', NULL),
(1409, 'I', 'A', NULL),
(1410, 'I', 'A', NULL),
(1411, 'I', 'A', NULL),
(1412, 'I', 'A', NULL),
(1413, 'I', 'A', NULL),
(1414, 'I', 'A', NULL),
(1415, 'I', 'A', NULL),
(1416, 'I', 'A', NULL),
(1417, 'I', 'A', NULL),
(1418, 'I', 'A', NULL),
(1419, 'I', 'A', NULL),
(1420, 'I', 'A', NULL),
(1421, 'I', 'A', NULL),
(1422, 'I', 'A', NULL),
(1423, 'I', 'A', NULL),
(1424, 'I', 'A', NULL),
(1425, 'I', 'A', NULL),
(1426, 'I', 'A', NULL),
(1427, 'I', 'A', NULL),
(1428, 'I', 'A', NULL),
(1429, 'I', 'A', NULL),
(1430, 'I', 'A', NULL),
(1431, 'I', 'A', NULL),
(1432, 'I', 'A', NULL),
(1433, 'I', 'A', NULL),
(1434, 'I', 'A', NULL),
(1435, 'I', 'A', NULL),
(1436, 'I', 'A', NULL),
(1437, 'I', 'A', NULL),
(1438, 'I', 'A', NULL),
(1439, 'I', 'A', NULL),
(1440, 'I', 'A', NULL),
(1441, 'I', 'A', NULL),
(1442, 'I', 'A', NULL),
(1443, 'I', 'A', NULL),
(1444, 'I', 'A', NULL),
(1445, 'I', 'A', NULL),
(1446, 'I', 'A', NULL),
(1447, 'I', 'A', NULL),
(1448, 'I', 'A', NULL),
(1449, 'I', 'A', NULL),
(1450, 'I', 'A', NULL),
(1451, 'I', 'A', NULL),
(1452, 'I', 'A', NULL),
(1453, 'I', 'A', NULL),
(1454, 'I', 'A', NULL),
(1455, 'I', 'A', NULL),
(1456, 'I', 'A', NULL),
(1457, 'I', 'A', NULL),
(1458, 'I', 'A', NULL),
(1459, 'I', 'A', NULL),
(1460, 'I', 'A', NULL),
(1461, 'I', 'A', NULL),
(1462, 'I', 'A', NULL),
(1463, 'I', 'A', NULL),
(1464, 'I', 'A', NULL),
(1465, 'I', 'A', NULL),
(1466, 'I', 'A', NULL),
(1467, 'I', 'A', NULL),
(1468, 'I', 'A', NULL),
(1469, 'I', 'A', NULL),
(1470, 'I', 'A', NULL),
(1471, 'I', 'A', NULL),
(1472, 'I', 'A', NULL),
(1473, 'I', 'A', NULL),
(1474, 'I', 'A', NULL),
(1475, 'I', 'A', NULL),
(1476, 'I', 'A', NULL),
(1477, 'I', 'A', NULL),
(1478, 'I', 'A', NULL),
(1479, 'I', 'A', NULL),
(1480, 'I', 'A', NULL),
(1481, 'I', 'A', NULL),
(1482, 'I', 'A', NULL),
(1483, 'I', 'A', NULL),
(1484, 'I', 'A', NULL),
(1485, 'I', 'A', NULL),
(1486, 'I', 'A', NULL),
(1487, 'I', 'A', NULL),
(1488, 'I', 'A', NULL),
(1489, 'I', 'A', NULL),
(1490, 'I', 'A', NULL),
(1491, 'I', 'A', NULL),
(1492, 'I', 'A', NULL),
(1493, 'I', 'A', NULL),
(1494, 'I', 'A', NULL),
(1495, 'I', 'A', NULL),
(1496, 'I', 'A', NULL),
(1497, 'I', 'A', NULL),
(1498, 'I', 'A', NULL),
(1499, 'I', 'A', NULL),
(1500, 'I', 'A', NULL),
(1501, 'I', 'A', NULL),
(1502, 'I', 'A', NULL),
(1503, 'I', 'A', NULL),
(1504, 'I', 'A', NULL),
(1505, 'I', 'A', NULL),
(1506, 'I', 'A', NULL),
(1507, 'I', 'A', NULL),
(1508, 'I', 'A', NULL),
(1509, 'I', 'A', NULL),
(1510, 'I', 'A', NULL),
(1511, 'I', 'A', NULL),
(1512, 'I', 'A', NULL),
(1513, 'I', 'A', NULL),
(1514, 'I', 'A', NULL),
(1515, 'I', 'A', NULL),
(1516, 'I', 'A', NULL),
(1517, 'I', 'A', NULL),
(1518, 'I', 'A', NULL),
(1519, 'I', 'A', NULL),
(1520, 'I', 'A', NULL),
(1521, 'I', 'A', NULL),
(1522, 'I', 'A', NULL),
(1523, 'I', 'A', NULL),
(1524, 'I', 'A', NULL),
(1525, 'I', 'A', NULL),
(1526, 'I', 'A', NULL),
(1527, 'I', 'A', NULL),
(1528, 'I', 'A', NULL),
(1529, 'I', 'A', NULL),
(1530, 'I', 'A', NULL),
(1531, 'I', 'A', NULL),
(1532, 'I', 'A', NULL),
(1533, 'I', 'A', NULL),
(1534, 'I', 'A', NULL),
(1535, 'I', 'A', NULL),
(1536, 'I', 'A', NULL),
(1537, 'I', 'A', NULL),
(1538, 'I', 'A', NULL),
(1539, 'I', 'A', NULL),
(1540, 'I', 'A', NULL),
(1541, 'I', 'A', NULL),
(1542, 'I', 'A', NULL),
(1543, 'I', 'A', NULL),
(1544, 'I', 'A', NULL),
(1545, 'I', 'A', NULL),
(1546, 'I', 'A', NULL),
(1547, 'I', 'A', NULL),
(1548, 'I', 'A', NULL),
(1549, 'I', 'A', NULL),
(1550, 'I', 'A', NULL),
(1551, 'I', 'A', NULL),
(1552, 'I', 'A', NULL),
(1553, 'I', 'A', NULL),
(1554, 'I', 'A', NULL),
(1555, 'I', 'A', NULL),
(1556, 'I', 'A', NULL),
(1557, 'I', 'A', NULL),
(1558, 'I', 'A', NULL),
(1559, 'I', 'A', NULL),
(1560, 'I', 'A', NULL),
(1561, 'I', 'A', NULL),
(1562, 'I', 'A', NULL),
(1563, 'I', 'A', NULL),
(1564, 'I', 'A', NULL),
(1565, 'I', 'A', NULL),
(1566, 'I', 'A', NULL),
(1567, 'I', 'A', NULL),
(1568, 'I', 'A', NULL),
(1569, 'I', 'A', NULL),
(1570, 'I', 'A', NULL),
(1571, 'I', 'A', NULL),
(1572, 'I', 'A', NULL),
(1573, 'I', 'A', NULL),
(1574, 'I', 'A', NULL),
(1575, 'I', 'A', NULL),
(1576, 'I', 'A', NULL),
(1577, 'I', 'A', NULL),
(1578, 'I', 'A', NULL),
(1579, 'I', 'A', NULL),
(1580, 'I', 'A', NULL),
(1581, 'I', 'A', NULL),
(1582, 'I', 'A', NULL),
(1583, 'I', 'A', NULL),
(1584, 'I', 'A', NULL),
(1585, 'I', 'A', NULL),
(1586, 'I', 'A', NULL),
(1587, 'I', 'A', NULL),
(1588, 'I', 'A', NULL),
(1589, 'I', 'A', NULL),
(1590, 'I', 'A', NULL),
(1591, 'I', 'A', NULL),
(1592, 'I', 'A', NULL),
(1593, 'I', 'A', NULL),
(1594, 'I', 'A', NULL),
(1595, 'I', 'A', NULL),
(1596, 'I', 'A', NULL),
(1597, 'I', 'A', NULL),
(1598, 'I', 'A', NULL),
(1599, 'I', 'A', NULL),
(1600, 'I', 'A', NULL),
(1601, 'I', 'A', NULL),
(1602, 'I', 'A', NULL),
(1603, 'I', 'A', NULL),
(1604, 'I', 'A', NULL),
(1605, 'I', 'A', NULL),
(1606, 'I', 'A', NULL),
(1607, 'I', 'A', NULL),
(1608, 'I', 'A', NULL),
(1609, 'I', 'A', NULL),
(1610, 'I', 'A', NULL),
(1611, 'I', 'A', NULL),
(1612, 'I', 'A', NULL),
(1613, 'I', 'A', NULL),
(1614, 'I', 'A', NULL),
(1615, 'I', 'A', NULL),
(1616, 'I', 'A', NULL),
(1617, 'I', 'A', NULL),
(1618, 'I', 'A', NULL),
(1619, 'I', 'A', NULL),
(1620, 'I', 'A', NULL),
(1621, 'I', 'A', NULL),
(1622, 'I', 'A', NULL),
(1623, 'I', 'A', NULL),
(1624, 'I', 'A', NULL),
(1625, 'I', 'A', NULL),
(1626, 'I', 'A', NULL),
(1627, 'I', 'A', NULL),
(1628, 'I', 'A', NULL),
(1629, 'I', 'A', NULL),
(1630, 'I', 'A', NULL),
(1631, 'I', 'A', NULL),
(1632, 'I', 'A', NULL),
(1633, 'I', 'A', NULL),
(1634, 'I', 'A', NULL),
(1635, 'I', 'A', NULL),
(1636, 'I', 'A', NULL),
(1637, 'I', 'A', NULL),
(1638, 'I', 'A', NULL),
(1639, 'I', 'A', NULL),
(1640, 'I', 'A', NULL),
(1641, 'I', 'A', NULL),
(1642, 'I', 'A', NULL),
(1643, 'I', 'A', NULL),
(1644, 'I', 'A', NULL),
(1645, 'I', 'A', NULL),
(1646, 'I', 'A', NULL),
(1647, 'I', 'A', NULL),
(1648, 'I', 'A', NULL),
(1649, 'I', 'A', NULL),
(1650, 'I', 'A', NULL),
(1651, 'I', 'A', NULL),
(1652, 'I', 'A', NULL),
(1653, 'I', 'A', NULL),
(1654, 'I', 'A', NULL),
(1655, 'I', 'A', NULL),
(1656, 'I', 'A', NULL),
(1657, 'I', 'A', NULL),
(1658, 'I', 'A', NULL),
(1659, 'I', 'A', NULL),
(1660, 'I', 'A', NULL),
(1661, 'I', 'A', NULL),
(1662, 'I', 'A', NULL),
(1663, 'I', 'A', NULL),
(1664, 'I', 'A', NULL),
(1665, 'I', 'A', NULL),
(1666, 'I', 'A', NULL),
(1667, 'I', 'A', NULL),
(1668, 'I', 'A', NULL),
(1669, 'I', 'A', NULL),
(1670, 'I', 'A', NULL),
(1671, 'I', 'A', NULL),
(1672, 'I', 'A', NULL),
(1673, 'I', 'A', NULL),
(1674, 'I', 'A', NULL),
(1675, 'I', 'A', NULL),
(1676, 'I', 'A', NULL),
(1677, 'I', 'A', NULL),
(1678, 'I', 'A', NULL),
(1679, 'I', 'A', NULL),
(1680, 'I', 'A', NULL),
(1681, 'I', 'A', NULL),
(1682, 'I', 'A', NULL),
(1683, 'I', 'A', NULL),
(1684, 'I', 'A', NULL),
(1685, 'I', 'A', NULL),
(1686, 'I', 'A', NULL),
(1687, 'I', 'A', NULL),
(1688, 'I', 'A', NULL),
(1689, 'I', 'A', NULL),
(1690, 'I', 'A', NULL),
(1691, 'I', 'A', NULL),
(1692, 'I', 'A', NULL),
(1693, 'I', 'A', NULL),
(1694, 'I', 'A', NULL),
(1695, 'I', 'A', NULL),
(1696, 'I', 'A', NULL),
(1697, 'I', 'A', NULL),
(1698, 'I', 'A', NULL),
(1699, 'I', 'A', NULL),
(1700, 'I', 'A', NULL),
(1701, 'I', 'A', NULL),
(1702, 'I', 'A', NULL),
(1703, 'I', 'A', NULL),
(1704, 'I', 'A', NULL),
(1705, 'I', 'A', NULL),
(1706, 'I', 'A', NULL),
(1707, 'I', 'A', NULL),
(1708, 'I', 'A', NULL),
(1709, 'I', 'A', NULL),
(1710, 'I', 'A', NULL),
(1711, 'I', 'A', NULL),
(1712, 'I', 'A', NULL),
(1713, 'I', 'A', NULL),
(1714, 'I', 'A', NULL),
(1715, 'I', 'A', NULL),
(1716, 'I', 'A', NULL),
(1717, 'I', 'A', NULL),
(1718, 'I', 'A', NULL),
(1719, 'I', 'A', NULL),
(1720, 'I', 'A', NULL),
(1721, 'I', 'A', NULL),
(1722, 'I', 'A', NULL),
(1723, 'I', 'A', NULL),
(1724, 'I', 'A', NULL),
(1725, 'I', 'A', NULL),
(1726, 'I', 'A', NULL),
(1727, 'I', 'A', NULL),
(1728, 'I', 'A', NULL),
(1729, 'I', 'A', NULL),
(1730, 'I', 'A', NULL),
(1731, 'I', 'A', NULL),
(1732, 'I', 'A', NULL),
(1733, 'I', 'A', NULL),
(1734, 'I', 'A', NULL),
(1735, 'I', 'A', NULL),
(1736, 'I', 'A', NULL),
(1737, 'I', 'A', NULL),
(1738, 'I', 'A', NULL),
(1739, 'I', 'A', NULL),
(1740, 'I', 'A', NULL),
(1741, 'I', 'A', NULL),
(1742, 'I', 'A', NULL),
(1743, 'I', 'A', NULL),
(1744, 'I', 'A', NULL),
(1745, 'I', 'A', NULL),
(1746, 'I', 'A', NULL),
(1747, 'I', 'A', NULL),
(1748, 'I', 'A', NULL),
(1749, 'I', 'A', NULL),
(1750, 'I', 'A', NULL),
(1751, 'I', 'A', NULL),
(1752, 'I', 'A', NULL),
(1753, 'I', 'A', NULL),
(1754, 'I', 'A', NULL),
(1755, 'I', 'A', NULL),
(1756, 'I', 'A', NULL),
(1757, 'I', 'A', NULL),
(1758, 'I', 'A', NULL),
(1759, 'I', 'A', NULL),
(1760, 'I', 'A', NULL),
(1761, 'I', 'A', NULL),
(1762, 'I', 'A', NULL),
(1763, 'I', 'A', NULL),
(1764, 'I', 'A', NULL),
(1765, 'I', 'A', NULL),
(1766, 'I', 'A', NULL),
(1767, 'I', 'A', NULL),
(1768, 'I', 'A', NULL),
(1769, 'I', 'A', NULL),
(1770, 'I', 'A', NULL),
(1771, 'I', 'A', NULL),
(1772, 'I', 'A', NULL),
(1773, 'I', 'A', NULL),
(1774, 'I', 'A', NULL),
(1775, 'I', 'A', NULL),
(1776, 'I', 'A', NULL),
(1777, 'I', 'A', NULL),
(1778, 'I', 'A', NULL),
(1779, 'I', 'A', NULL),
(1780, 'I', 'A', NULL),
(1781, 'I', 'A', NULL),
(1782, 'I', 'A', NULL),
(1783, 'I', 'A', NULL),
(1784, 'I', 'A', NULL),
(1785, 'I', 'A', NULL),
(1786, 'I', 'A', NULL),
(1787, 'I', 'A', NULL),
(1788, 'I', 'A', NULL),
(1789, 'I', 'A', NULL),
(1790, 'I', 'A', NULL),
(1791, 'I', 'A', NULL),
(1792, 'I', 'A', NULL),
(1793, 'I', 'A', NULL),
(1794, 'I', 'A', NULL),
(1795, 'I', 'A', NULL),
(1796, 'I', 'A', NULL),
(1797, 'I', 'A', NULL),
(1798, 'I', 'A', NULL),
(1799, 'I', 'A', NULL),
(1800, 'I', 'A', NULL),
(1801, 'I', 'A', NULL),
(1802, 'I', 'A', NULL),
(1803, 'I', 'A', NULL),
(1804, 'I', 'A', NULL),
(1805, 'I', 'A', NULL),
(1806, 'I', 'A', NULL),
(1807, 'I', 'A', NULL),
(1808, 'I', 'A', NULL),
(1809, 'I', 'A', NULL),
(1810, 'I', 'A', NULL),
(1811, 'I', 'A', NULL),
(1812, 'I', 'A', NULL),
(1813, 'I', 'A', NULL),
(1814, 'I', 'A', NULL),
(1815, 'I', 'A', NULL),
(1816, 'I', 'A', NULL),
(1817, 'I', 'A', NULL),
(1818, 'I', 'A', NULL),
(1819, 'I', 'A', NULL),
(1820, 'I', 'A', NULL),
(1821, 'I', 'A', NULL),
(1822, 'I', 'A', NULL),
(1823, 'I', 'A', NULL),
(1824, 'I', 'A', NULL),
(1825, 'I', 'A', NULL),
(1826, 'I', 'A', NULL),
(1827, 'I', 'A', NULL),
(1828, 'I', 'A', NULL),
(1829, 'I', 'A', NULL),
(1830, 'I', 'A', NULL),
(1831, 'I', 'A', NULL),
(1832, 'I', 'A', NULL),
(1833, 'I', 'A', NULL),
(1834, 'I', 'A', NULL),
(1835, 'I', 'A', NULL),
(1836, 'I', 'A', NULL),
(1837, 'I', 'A', NULL),
(1838, 'I', 'A', NULL),
(1839, 'I', 'A', NULL),
(1840, 'I', 'A', NULL),
(1841, 'I', 'A', NULL),
(1842, 'I', 'A', NULL),
(1843, 'I', 'A', NULL),
(1844, 'I', 'A', NULL),
(1845, 'I', 'A', NULL),
(1846, 'I', 'A', NULL),
(1847, 'I', 'A', NULL),
(1848, 'I', 'A', NULL),
(1849, 'I', 'A', NULL),
(1850, 'I', 'A', NULL),
(1851, 'I', 'A', NULL),
(1852, 'I', 'A', NULL),
(1853, 'I', 'A', NULL),
(1854, 'I', 'A', NULL),
(1855, 'I', 'A', NULL),
(1856, 'I', 'A', NULL),
(1857, 'I', 'A', NULL),
(1858, 'I', 'A', NULL),
(1859, 'I', 'A', NULL),
(1860, 'I', 'A', NULL),
(1861, 'I', 'A', NULL),
(1862, 'I', 'A', NULL),
(1863, 'I', 'A', NULL),
(1864, 'I', 'A', NULL),
(1865, 'I', 'A', NULL),
(1866, 'I', 'A', NULL),
(1867, 'I', 'A', NULL),
(1868, 'I', 'A', NULL),
(1869, 'I', 'A', NULL),
(1870, 'I', 'A', NULL),
(1871, 'I', 'A', NULL),
(1872, 'I', 'A', NULL),
(1873, 'I', 'A', NULL),
(1874, 'I', 'A', NULL),
(1875, 'I', 'A', NULL),
(1876, 'I', 'A', NULL),
(1877, 'I', 'A', NULL),
(1878, 'I', 'A', NULL),
(1879, 'I', 'A', NULL),
(1880, 'I', 'A', NULL),
(1881, 'I', 'A', NULL),
(1882, 'I', 'A', NULL),
(1883, 'I', 'A', NULL),
(1884, 'I', 'A', NULL),
(1885, 'I', 'A', NULL),
(1886, 'I', 'A', NULL),
(1887, 'I', 'A', NULL),
(1888, 'I', 'A', NULL),
(1889, 'I', 'A', NULL),
(1890, 'I', 'A', NULL),
(1891, 'I', 'A', NULL),
(1892, 'I', 'A', NULL),
(1893, 'I', 'A', NULL),
(1894, 'I', 'A', NULL),
(1895, 'I', 'A', NULL),
(1896, 'I', 'A', NULL),
(1897, 'I', 'A', NULL),
(1898, 'I', 'A', NULL),
(1899, 'I', 'A', NULL),
(1900, 'I', 'A', NULL),
(1901, 'I', 'A', NULL),
(1902, 'I', 'A', NULL),
(1903, 'I', 'A', NULL),
(1904, 'I', 'A', NULL),
(1905, 'I', 'A', NULL),
(1906, 'I', 'A', NULL),
(1907, 'I', 'A', NULL),
(1908, 'I', 'A', NULL),
(1909, 'I', 'A', NULL),
(1910, 'I', 'A', NULL),
(1911, 'I', 'A', NULL),
(1912, 'I', 'A', NULL),
(1913, 'I', 'A', NULL),
(1914, 'I', 'A', NULL),
(1915, 'I', 'A', NULL),
(1916, 'I', 'A', NULL),
(1917, 'I', 'A', NULL),
(1918, 'I', 'A', NULL),
(1919, 'I', 'A', NULL),
(1920, 'I', 'A', NULL),
(1921, 'I', 'A', NULL),
(1922, 'I', 'A', NULL),
(1923, 'I', 'A', NULL),
(1924, 'I', 'A', NULL),
(1925, 'I', 'A', NULL),
(1926, 'I', 'A', NULL),
(1927, 'I', 'A', NULL),
(1928, 'I', 'A', NULL),
(1929, 'I', 'A', NULL),
(1930, 'I', 'A', NULL),
(1931, 'I', 'A', NULL),
(1932, 'I', 'A', NULL),
(1933, 'I', 'A', NULL),
(1934, 'I', 'A', NULL),
(1935, 'I', 'A', NULL),
(1936, 'I', 'A', NULL),
(1937, 'I', 'A', NULL),
(1938, 'I', 'A', NULL),
(1939, 'I', 'A', NULL),
(1940, 'I', 'A', NULL),
(1941, 'I', 'A', NULL),
(1942, 'I', 'A', NULL),
(1943, 'I', 'A', NULL),
(1944, 'I', 'A', NULL),
(1945, 'I', 'A', NULL),
(1946, 'I', 'A', NULL),
(1947, 'I', 'A', NULL),
(1948, 'I', 'A', NULL),
(1949, 'I', 'A', NULL),
(1950, 'I', 'A', NULL),
(1951, 'I', 'A', NULL),
(1952, 'I', 'A', NULL),
(1953, 'I', 'A', NULL),
(1954, 'I', 'A', NULL),
(1955, 'I', 'A', NULL),
(1956, 'I', 'A', NULL),
(1957, 'I', 'A', NULL),
(1958, 'I', 'A', NULL),
(1959, 'I', 'A', NULL),
(1960, 'I', 'A', NULL),
(1961, 'I', 'A', NULL),
(1962, 'I', 'A', NULL),
(1963, 'I', 'A', NULL),
(1964, 'I', 'A', NULL),
(1965, 'I', 'A', NULL),
(1966, 'I', 'A', NULL),
(1967, 'I', 'A', NULL),
(1968, 'I', 'A', NULL),
(1969, 'I', 'A', NULL),
(1970, 'I', 'A', NULL),
(1971, 'I', 'A', NULL),
(1972, 'I', 'A', NULL),
(1973, 'I', 'A', NULL),
(1974, 'I', 'A', NULL),
(1975, 'I', 'A', NULL),
(1976, 'I', 'A', NULL),
(1977, 'I', 'A', NULL),
(1978, 'I', 'A', NULL),
(1979, 'I', 'A', NULL),
(1980, 'I', 'A', NULL),
(1981, 'I', 'A', NULL),
(1982, 'I', 'A', NULL),
(1983, 'I', 'A', NULL),
(1984, 'I', 'A', NULL),
(1985, 'I', 'A', NULL),
(1986, 'I', 'A', NULL),
(1987, 'I', 'A', NULL),
(1988, 'I', 'A', NULL),
(1989, 'I', 'A', NULL),
(1990, 'I', 'A', NULL),
(1991, 'I', 'A', NULL),
(1992, 'I', 'A', NULL),
(1993, 'I', 'A', NULL),
(1994, 'I', 'A', NULL),
(1995, 'I', 'A', NULL),
(1996, 'I', 'A', NULL),
(1997, 'I', 'A', NULL),
(1998, 'I', 'A', NULL),
(1999, 'I', 'A', NULL),
(2000, 'I', 'A', NULL),
(2001, 'I', 'A', NULL),
(2002, 'I', 'A', NULL),
(2003, 'I', 'A', NULL),
(2004, 'I', 'A', NULL),
(2005, 'I', 'A', NULL),
(2006, 'I', 'A', NULL),
(2007, 'I', 'A', NULL),
(2008, 'I', 'A', NULL),
(2009, 'I', 'A', NULL),
(2010, 'I', 'A', NULL),
(2011, 'I', 'A', NULL),
(2012, 'I', 'A', NULL),
(2013, 'I', 'A', NULL),
(2014, 'I', 'A', NULL),
(2015, 'I', 'A', NULL),
(2016, 'I', 'A', NULL),
(2017, 'I', 'A', NULL),
(2018, 'I', 'A', NULL),
(2019, 'I', 'A', NULL),
(2020, 'I', 'A', NULL),
(2021, 'I', 'A', NULL),
(2022, 'I', 'A', NULL),
(2023, 'I', 'A', NULL),
(2024, 'I', 'A', NULL),
(2025, 'I', 'A', NULL),
(2026, 'I', 'A', NULL),
(2027, 'I', 'A', NULL),
(2028, 'I', 'A', NULL),
(2029, 'I', 'A', NULL),
(2030, 'I', 'A', NULL),
(2031, 'I', 'A', NULL),
(2032, 'I', 'A', NULL),
(2033, 'I', 'A', NULL),
(2034, 'I', 'A', NULL),
(2035, 'I', 'A', NULL),
(2036, 'I', 'A', NULL),
(2037, 'I', 'A', NULL),
(2038, 'I', 'A', NULL),
(2039, 'I', 'A', NULL),
(2040, 'I', 'A', NULL),
(2041, 'I', 'A', NULL),
(2042, 'I', 'A', NULL),
(2043, 'I', 'A', NULL),
(2044, 'I', 'A', NULL),
(2045, 'I', 'A', NULL),
(2046, 'I', 'A', NULL),
(2047, 'I', 'A', NULL),
(2048, 'I', 'A', NULL),
(2049, 'I', 'A', NULL),
(2050, 'I', 'A', NULL),
(2051, 'I', 'A', NULL),
(2052, 'I', 'A', NULL),
(2053, 'I', 'A', NULL),
(2054, 'I', 'A', NULL),
(2055, 'I', 'A', NULL),
(2056, 'I', 'A', NULL),
(2057, 'I', 'A', NULL),
(2058, 'I', 'A', NULL),
(2059, 'I', 'A', NULL),
(2060, 'I', 'A', NULL),
(2061, 'I', 'A', NULL),
(2062, 'I', 'A', NULL),
(2063, 'I', 'A', NULL),
(2064, 'I', 'A', NULL),
(2065, 'I', 'A', NULL),
(2066, 'I', 'A', NULL),
(2067, 'I', 'A', NULL),
(2068, 'I', 'A', NULL),
(2069, 'I', 'A', NULL),
(2070, 'I', 'A', NULL),
(2071, 'I', 'A', NULL),
(2072, 'I', 'A', NULL),
(2073, 'I', 'A', NULL),
(2074, 'I', 'A', NULL),
(2075, 'I', 'A', NULL),
(2076, 'I', 'A', NULL),
(2077, 'I', 'A', NULL),
(2078, 'I', 'A', NULL),
(2079, 'I', 'A', NULL),
(2080, 'I', 'A', NULL),
(2081, 'I', 'A', NULL),
(2082, 'I', 'A', NULL),
(2083, 'I', 'A', NULL),
(2084, 'I', 'A', NULL),
(2085, 'I', 'A', NULL),
(2086, 'I', 'A', NULL),
(2087, 'I', 'A', NULL),
(2088, 'I', 'A', NULL),
(2089, 'I', 'A', NULL),
(2090, 'I', 'A', NULL),
(2091, 'I', 'A', NULL),
(2092, 'I', 'A', NULL),
(2093, 'I', 'A', NULL),
(2094, 'I', 'A', NULL),
(2095, 'I', 'A', NULL),
(2096, 'I', 'A', NULL),
(2097, 'I', 'A', NULL),
(2098, 'I', 'A', NULL),
(2099, 'I', 'A', NULL),
(2100, 'I', 'A', NULL),
(2101, 'I', 'A', NULL),
(2102, 'I', 'A', NULL),
(2103, 'I', 'A', NULL),
(2104, 'I', 'A', NULL),
(2105, 'I', 'A', NULL),
(2106, 'I', 'A', NULL),
(2107, 'I', 'A', NULL),
(2108, 'I', 'A', NULL),
(2109, 'I', 'A', NULL),
(2110, 'I', 'A', NULL),
(2111, 'I', 'A', NULL),
(2112, 'I', 'A', NULL),
(2113, 'I', 'A', NULL),
(2114, 'I', 'A', NULL),
(2115, 'I', 'A', NULL),
(2116, 'I', 'A', NULL),
(2117, 'I', 'A', NULL),
(2118, 'I', 'A', NULL),
(2119, 'I', 'A', NULL),
(2120, 'I', 'A', NULL),
(2121, 'I', 'A', NULL),
(2122, 'I', 'A', NULL),
(9, 'I', 'A', 'M'),
(1, 'I', 'A', 'F'),
(8, 'I', 'C', 'F'),
(2123, 'II', 'A', 'M'),
(2, 'II', 'A', 'F'),
(3, 'III', 'A', 'F'),
(4, 'IV', 'A', 'F'),
(5, 'IV', 'B', 'F'),
(6, 'IV', 'C', 'F'),
(7, 'IV', 'D', 'F');

-- --------------------------------------------------------

--
-- Table structure for table `coursework`
--

CREATE TABLE `coursework` (
  `work_id` int(11) NOT NULL,
  `class_id` int(11) NOT NULL,
  `work_title` varchar(50) COLLATE utf8_unicode_ci DEFAULT NULL,
  `description` mediumtext COLLATE utf8_unicode_ci DEFAULT NULL,
  `totalpoints` double NOT NULL,
  `type` enum('A','T','Q','E','FE') COLLATE utf8_unicode_ci DEFAULT NULL,
  `date` date DEFAULT NULL
) ENGINE=InnoDB DEFAULT CHARSET=utf8 COLLATE=utf8_unicode_ci;

--
-- Dumping data for table `coursework`
--

INSERT INTO `coursework` (`work_id`, `class_id`, `work_title`, `description`, `totalpoints`, `type`, `date`) VALUES
(1, 2, 'aligebra', NULL, 100, 'T', '2023-07-01'),
(2, 2, 'human', NULL, 1000, 'T', '2023-07-01'),
(3, 2, 'GLOBALIZATION', NULL, 50, 'T', '2023-08-01'),
(4, 5, 'fasihi', NULL, 100, 'T', '2023-07-01');

-- --------------------------------------------------------

--
-- Table structure for table `coursework_result`
--

CREATE TABLE `coursework_result` (
  `work_id` int(11) NOT NULL,
  `student_id` int(11) NOT NULL,
  `points_earned` double DEFAULT NULL,
  `date_edited` datetime NOT NULL DEFAULT current_timestamp()
) ENGINE=InnoDB DEFAULT CHARSET=utf8 COLLATE=utf8_unicode_ci;

--
-- Dumping data for table `coursework_result`
--

INSERT INTO `coursework_result` (`work_id`, `student_id`, `points_earned`, `date_edited`) VALUES
(1, 863, 4, '2023-07-18 01:36:48'),
(1, 864, 6, '2023-07-18 01:36:47'),
(1, 865, 45, '2023-07-18 01:36:47'),
(1, 873, 0, '2023-07-18 01:36:47'),
(1, 874, 88, '2023-07-18 01:36:47'),
(1, 875, 0.1, '2023-07-18 01:36:47'),
(1, 876, 100, '2023-07-18 01:36:47'),
(1, 877, 6, '2023-07-18 01:36:47'),
(1, 878, 6, '2023-07-18 01:36:47'),
(1, 879, 0, '2023-07-18 01:36:48'),
(1, 880, 8, '2023-07-18 01:36:48'),
(1, 881, 6, '2023-07-18 01:36:48'),
(1, 884, 8, '2023-07-18 01:36:48'),
(1, 886, 7, '2023-07-18 01:36:48'),
(1, 887, 4, '2023-07-18 01:36:48'),
(1, 888, 6, '2023-07-18 01:36:48'),
(1, 890, 7, '2023-07-18 01:36:48'),
(1, 891, 9, '2023-07-18 01:36:48'),
(1, 892, 6, '2023-07-18 01:36:48'),
(1, 894, 5, '2023-07-18 01:36:48'),
(1, 897, 7, '2023-07-18 01:36:48'),
(1, 899, 9, '2023-07-18 01:36:48'),
(1, 902, 6, '2023-07-18 01:36:48'),
(1, 903, 8, '2023-07-18 01:36:48'),
(1, 904, 7, '2023-07-18 01:36:48'),
(1, 918, 8, '2023-07-18 01:36:47'),
(1, 965, 4, '2023-07-18 01:36:48'),
(1, 978, 78, '2023-07-18 02:11:34'),
(1, 979, 87, '2023-07-18 02:20:22'),
(2, 978, 78, '2023-07-18 03:39:28'),
(2, 979, 76, '2023-07-18 03:39:28'),
(3, 978, 43, '2023-07-18 11:56:31'),
(3, 979, 7, '2023-07-18 11:56:31'),
(4, 978, 3, '2023-07-20 21:16:34'),
(4, 979, 76, '2023-07-20 21:16:34');

-- --------------------------------------------------------

--
-- Table structure for table `fee`
--

CREATE TABLE `fee` (
  `fee_id` int(11) NOT NULL,
  `fee_type` enum('S','CM','E','H') COLLATE utf8_unicode_ci DEFAULT NULL,
  `amount` double NOT NULL,
  `description` varchar(50) COLLATE utf8_unicode_ci DEFAULT NULL,
  `date` date NOT NULL
) ENGINE=InnoDB DEFAULT CHARSET=utf8 COLLATE=utf8_unicode_ci;

-- --------------------------------------------------------

--
-- Table structure for table `fee_cohort`
--

CREATE TABLE `fee_cohort` (
  `fee_id` int(11) NOT NULL,
  `cohort_id` int(11) NOT NULL
) ENGINE=InnoDB DEFAULT CHARSET=utf8 COLLATE=utf8_unicode_ci;

-- --------------------------------------------------------

--
-- Table structure for table `fee_student`
--

CREATE TABLE `fee_student` (
  `fee_id` int(11) NOT NULL,
  `student_id` int(11) NOT NULL,
  `balance` double NOT NULL,
  `date_assigned` datetime NOT NULL DEFAULT current_timestamp()
) ENGINE=InnoDB DEFAULT CHARSET=utf8 COLLATE=utf8_unicode_ci;

-- --------------------------------------------------------

--
-- Table structure for table `payment`
--

CREATE TABLE `payment` (
  `payment_id` int(11) NOT NULL,
  `student_id` int(11) NOT NULL,
  `trans_num` varchar(30) COLLATE utf8_unicode_ci DEFAULT NULL,
  `trans_date` date DEFAULT NULL,
  `amount_paid` double NOT NULL,
  `date_recorded` datetime NOT NULL
) ENGINE=InnoDB DEFAULT CHARSET=utf8 COLLATE=utf8_unicode_ci;

-- --------------------------------------------------------

--
-- Table structure for table `stpuser`
--

CREATE TABLE `stpuser` (
  `user_id` int(11) NOT NULL,
  `admin` tinyint(1) NOT NULL DEFAULT 0,
  `type` enum('S','T','P') COLLATE utf8_unicode_ci DEFAULT NULL,
  `activated` tinyint(1) NOT NULL DEFAULT 0,
  `forgotpass` tinyint(1) NOT NULL,
  `email` varchar(45) COLLATE utf8_unicode_ci NOT NULL,
  `password` varchar(100) COLLATE utf8_unicode_ci NOT NULL,
  `fname` varchar(40) COLLATE utf8_unicode_ci DEFAULT NULL,
  `lname` varchar(40) COLLATE utf8_unicode_ci DEFAULT NULL,
  `dob` date NOT NULL,
  `sex` enum('M','F') COLLATE utf8_unicode_ci DEFAULT NULL,
  `cohort_id` int(11) DEFAULT NULL,
  `phone` varchar(15) COLLATE utf8_unicode_ci DEFAULT NULL,
  `photo` blob DEFAULT NULL,
  `date_of_join` datetime NOT NULL DEFAULT current_timestamp(),
  `last_login` datetime NOT NULL DEFAULT current_timestamp(),
  `last_login_ip` varchar(45) COLLATE utf8_unicode_ci DEFAULT NULL
) ENGINE=InnoDB DEFAULT CHARSET=utf8 COLLATE=utf8_unicode_ci;

--
-- Dumping data for table `stpuser`
--

INSERT INTO `stpuser` (`user_id`, `admin`, `type`, `activated`, `forgotpass`, `email`, `password`, `fname`, `lname`, `dob`, `sex`, `cohort_id`, `phone`, `photo`, `date_of_join`, `last_login`, `last_login_ip`) VALUES
(1, 1, 'T', 1, 0, 'gaga', '$2y$10$BZJ056p7vzfOyCYuniDp3OUrmdCsS2JxXSxiFJ3gNSWwdWx2sXVb2', 'Patrick', 'Busagaga', '1986-09-13', 'M', NULL, '0745573330', '', '2018-02-28 21:27:38', '2023-07-22 15:13:46', '::1'),
(970, 0, 'S', 0, 0, 'Asteria36', '$2y$10$k.n8oXZ4S4fw7sR24GG.ROG0moaQ6W1R2Zl5OKbp7tqXYgQK2IE3u', 'Asteria', 'Mhuwa', '2021-03-04', 'F', 8, NULL, '', '2022-12-04 15:49:04', '2022-12-04 15:49:04', '::1'),
(971, 0, 'S', 0, 0, 'Ester67', '$2y$10$K6FDVeuTAlUsqNAygIRdQevjRU4fAZQjdnnbhLbv1LXmjsdSOgSXC', 'Ester', 'Chande', '2020-10-07', 'F', 8, NULL, '', '2022-12-04 15:50:16', '2022-12-04 15:50:16', '::1'),
(972, 0, 'S', 0, 0, 'Engratuda', '$2y$10$eaqEPHsPfjQAvS/KJq5BkOqUYGSC2QtC4GR3W00cM4VDJbVFkOuri', 'Engratuda', 'Mbwilo', '2020-02-13', 'F', 8, NULL, '', '2022-12-04 15:51:32', '2022-12-04 15:51:32', '::1'),
(973, 0, 'S', 0, 0, 'MndendemiGlo', '$2y$10$6CQsbTJ4llBxf8RV7u61NeJ3cNDVNfO.PCn9wxsXv37KwKLEt9W9S', 'Gloria', 'Mdendemi', '2020-05-06', 'F', 8, NULL, '', '2022-12-04 15:53:02', '2022-12-04 15:53:02', '::1'),
(974, 0, 'S', 0, 0, 'Nancy', '$2y$10$ey8bXOxDeJ1/3HVYr0u3weIEFhJE/i8nqG3S9TPamoStpuNeGPII6', 'Nancy', 'Mgao', '2019-08-07', 'F', 8, NULL, '', '2022-12-04 15:54:23', '2022-12-04 15:54:23', '::1'),
(975, 0, 'S', 0, 0, 'Rhoyda', '$2y$10$32h825D7G3WV7lOv8yKuGeoAgNyScnGRj2BxYbWQUiibYcrha0SWm', 'Rhoyda', 'Osward', '2020-07-07', 'F', 8, NULL, '', '2022-12-04 15:55:26', '2022-12-04 15:55:26', '::1'),
(976, 0, 'T', 0, 0, 'Malele', '$2y$10$/4gq5.lQKl3Nalcj3q5lHOGqOjula8U/D65N/o1AnTu9B32ICwHm6', 'Musa', 'Malele', '1986-06-18', 'M', NULL, '', '', '2023-07-18 00:43:41', '2023-07-18 00:43:41', '::1'),
(977, 0, 'T', 1, 0, 'sosomo', '$2y$10$OZTRm.kMie15QC2aWSF4YO3XMoeDJmJ5K/QybXI7qyJQO40QYEX5S', 'antony', 'sosoma', '2015-02-25', 'M', NULL, '', '', '2023-07-18 01:33:42', '2023-07-18 11:55:53', '::1'),
(978, 0, 'S', 1, 0, 'juma ', '$2y$10$3wvlM7ttt3N64gEuSpjbQuMBYk.KRaolvBFUvDyqNkI70ZjjQNWB2', 'juma ', 'musa', '2019-05-07', 'M', 2123, NULL, '', '2023-07-18 02:10:53', '2023-07-18 03:42:08', '::1'),
(979, 0, 'S', 1, 0, 'Ali', '$2y$10$4Ins6iP.zNrsuGI65zt1sOCOKhvspWrsTgwIuMwZ9FmxVgKoKcsim', 'Ali', 'Komba', '2015-01-06', 'M', 2123, NULL, '', '2023-07-18 02:19:46', '2023-07-18 11:59:08', '::1'),
(980, 0, 'S', 0, 0, 'jane', '$2y$10$UO49MxVnF1mL5qsDnU8ha.2QNPycqi4pVh0G3MiPTLqKlDAnf6ZLW', 'jane ', 'musa', '2022-09-07', 'F', 2, NULL, '', '2023-07-18 03:38:21', '2023-07-18 03:38:21', '::1'),
(981, 0, 'T', 1, 0, 'maria', '$2y$10$HRnoA9SyWS0k/k2Qgjy0V.OUT.WZ7P6qy2ct.WDvupMce9BCqEMB6', 'maria', 'juma', '2023-02-18', 'F', NULL, '', '', '2023-07-20 21:13:33', '2023-07-20 21:16:29', '::1');

-- --------------------------------------------------------

--
-- Table structure for table `student_parent`
--

CREATE TABLE `student_parent` (
  `student_id` int(11) NOT NULL,
  `parent_id` int(11) NOT NULL
) ENGINE=InnoDB DEFAULT CHARSET=utf8 COLLATE=utf8_unicode_ci;

-- --------------------------------------------------------

--
-- Table structure for table `subject`
--

CREATE TABLE `subject` (
  `subject_id` int(11) NOT NULL,
  `subject_name` varchar(40) COLLATE utf8_unicode_ci NOT NULL,
  `description` mediumtext COLLATE utf8_unicode_ci DEFAULT NULL
) ENGINE=InnoDB DEFAULT CHARSET=utf8 COLLATE=utf8_unicode_ci;

--
-- Dumping data for table `subject`
--

INSERT INTO `subject` (`subject_id`, `subject_name`, `description`) VALUES
(1, 'MATHEMATICS', NULL),
(2, 'GEO', NULL),
(3, 'HISTORY', NULL),
(5, 'KISWAHILI', NULL);

--
-- Indexes for dumped tables
--

--
-- Indexes for table `class`
--
ALTER TABLE `class`
  ADD PRIMARY KEY (`subject_id`,`cohort_id`,`year`,`semester`),
  ADD UNIQUE KEY `class_id` (`class_id`),
  ADD KEY `teacher_id` (`teacher_id`),
  ADD KEY `cohort_id` (`cohort_id`);

--
-- Indexes for table `class_student`
--
ALTER TABLE `class_student`
  ADD PRIMARY KEY (`class_id`,`student_id`),
  ADD KEY `student_id` (`student_id`);

--
-- Indexes for table `cohort`
--
ALTER TABLE `cohort`
  ADD PRIMARY KEY (`cohort_id`),
  ADD UNIQUE KEY `cohort` (`form`,`section`,`sex`);

--
-- Indexes for table `coursework`
--
ALTER TABLE `coursework`
  ADD PRIMARY KEY (`work_id`),
  ADD UNIQUE KEY `work` (`class_id`,`work_title`,`totalpoints`,`type`,`date`);

--
-- Indexes for table `coursework_result`
--
ALTER TABLE `coursework_result`
  ADD PRIMARY KEY (`work_id`,`student_id`),
  ADD UNIQUE KEY `student_work` (`work_id`,`student_id`),
  ADD KEY `student_id` (`student_id`);

--
-- Indexes for table `fee`
--
ALTER TABLE `fee`
  ADD PRIMARY KEY (`fee_id`),
  ADD UNIQUE KEY `fee_combo` (`fee_type`,`amount`,`description`);

--
-- Indexes for table `fee_cohort`
--
ALTER TABLE `fee_cohort`
  ADD PRIMARY KEY (`fee_id`,`cohort_id`),
  ADD KEY `cohort_id` (`cohort_id`);

--
-- Indexes for table `fee_student`
--
ALTER TABLE `fee_student`
  ADD PRIMARY KEY (`fee_id`,`student_id`),
  ADD KEY `student_id` (`student_id`);

--
-- Indexes for table `payment`
--
ALTER TABLE `payment`
  ADD PRIMARY KEY (`payment_id`),
  ADD UNIQUE KEY `transaction` (`trans_num`),
  ADD KEY `student_id` (`student_id`);

--
-- Indexes for table `stpuser`
--
ALTER TABLE `stpuser`
  ADD PRIMARY KEY (`user_id`,`email`),
  ADD UNIQUE KEY `email` (`email`),
  ADD KEY `cohort_id` (`cohort_id`);

--
-- Indexes for table `student_parent`
--
ALTER TABLE `student_parent`
  ADD PRIMARY KEY (`student_id`,`parent_id`),
  ADD KEY `parent_id` (`parent_id`);

--
-- Indexes for table `subject`
--
ALTER TABLE `subject`
  ADD PRIMARY KEY (`subject_id`,`subject_name`),
  ADD UNIQUE KEY `subject_name` (`subject_name`);

--
-- AUTO_INCREMENT for dumped tables
--

--
-- AUTO_INCREMENT for table `class`
--
ALTER TABLE `class`
  MODIFY `class_id` int(11) NOT NULL AUTO_INCREMENT, AUTO_INCREMENT=6;

--
-- AUTO_INCREMENT for table `cohort`
--
ALTER TABLE `cohort`
  MODIFY `cohort_id` int(11) NOT NULL AUTO_INCREMENT, AUTO_INCREMENT=2124;

--
-- AUTO_INCREMENT for table `coursework`
--
ALTER TABLE `coursework`
  MODIFY `work_id` int(11) NOT NULL AUTO_INCREMENT, AUTO_INCREMENT=5;

--
-- AUTO_INCREMENT for table `fee`
--
ALTER TABLE `fee`
  MODIFY `fee_id` int(11) NOT NULL AUTO_INCREMENT;

--
-- AUTO_INCREMENT for table `payment`
--
ALTER TABLE `payment`
  MODIFY `payment_id` int(11) NOT NULL AUTO_INCREMENT;

--
-- AUTO_INCREMENT for table `stpuser`
--
ALTER TABLE `stpuser`
  MODIFY `user_id` int(11) NOT NULL AUTO_INCREMENT, AUTO_INCREMENT=982;

--
-- AUTO_INCREMENT for table `subject`
--
ALTER TABLE `subject`
  MODIFY `subject_id` int(11) NOT NULL AUTO_INCREMENT, AUTO_INCREMENT=6;

--
-- Constraints for dumped tables
--

--
-- Constraints for table `class`
--
ALTER TABLE `class`
  ADD CONSTRAINT `class_ibfk_1` FOREIGN KEY (`subject_id`) REFERENCES `subject` (`subject_id`),
  ADD CONSTRAINT `class_ibfk_2` FOREIGN KEY (`teacher_id`) REFERENCES `stpuser` (`user_id`),
  ADD CONSTRAINT `class_ibfk_3` FOREIGN KEY (`cohort_id`) REFERENCES `cohort` (`cohort_id`);
COMMIT;

/*!40101 SET CHARACTER_SET_CLIENT=@OLD_CHARACTER_SET_CLIENT */;
/*!40101 SET CHARACTER_SET_RESULTS=@OLD_CHARACTER_SET_RESULTS */;
/*!40101 SET COLLATION_CONNECTION=@OLD_COLLATION_CONNECTION */;
